Hydrogen:Wavelength(nm),Noise:Absorbance,Hydrogen:Raw,Noise:Wavelength(nm),Hydrogen:Absorbance,Noise:Raw,Nitrogen:Wavelength(nm),Nitrogen:Absorbance,Nitrogen:Raw,Helium:Wavelength(nm),Helium:Absorbance,Helium:Raw,Mercury:Wavelength(nm),Mercury:Absorbance,Mercury:Raw,Neon:Wavelength(nm),Neon:Absorbance,Neon:Raw,CO2:Wavelength(nm),CO2:Absorbance,CO2:Raw,Data Set 8:Wavelength(nm),Data Set 8:Absorbance,Data Set 8:Raw
380.6,,1033.083333,380.6,,1002.041667,380.6,,1739.166667,380.6,,1032.383333,380.6,,1022.85,380.6,,1106.083333,380.6,,1051.683333,380.6,,1030.491667
381.4,,1051.138889,381.4,,1014.180556,381.4,,1768.611111,381.4,,1038.216667,381.4,,1017.6,381.4,,1088.805556,381.4,,1062.377778,381.4,,1026.075
382.3,,1047.472222,382.3,,1020.458333,382.3,,1825.388889,382.3,,1028.161111,382.3,,1018.6,382.3,,1064.805556,382.3,,1096.766667,382.3,,1040.408333
383.2,,1049.972222,383.2,,1021.569444,383.2,,1894.166667,383.2,,1026.938889,383.2,,1011.766667,383.2,,1054.916667,383.2,,1096.488889,383.2,,1030.686111
384,,1039.861111,384,,1031.958333,384,,1937.777778,384,,1027.105556,384,,1008.988889,384,,1046.972222,384,,1100.822222,384,,1044.019444
384.9,,1045.25,384.9,,1042.513889,384.9,,1976.777778,384.9,,1053.327778,384.9,,1011.266667,384.9,,1052.416667,384.9,,1112.044444,384.9,,1045.852778
385.7,,1030.583333,385.7,,1040.680556,385.7,,2020.388889,385.7,,1054.216667,385.7,,1018.822222,385.7,,1082.527778,385.7,,1105.988889,385.7,,1042.297222
386.6,,1011.361111,386.6,,1020.347222,386.6,,2065,386.6,,1046.772222,386.6,,1019.711111,386.6,,1103.75,386.6,,1106.044444,386.6,,1049.963889
387.4,,1019.083333,387.4,,1002.847222,387.4,,2096.944444,387.4,,1029.605556,387.4,,1021.933333,387.4,,1135.805556,387.4,,1072.155556,387.4,,1049.130556
388.3,,1016.861111,388.3,,1006.513889,388.3,,2159,388.3,,1032.772222,388.3,,1011.877778,388.3,,1140.361111,388.3,,1090.6,388.3,,1051.630556
389.2,,1056.027778,389.2,,1004.458333,389.2,,2214.722222,389.2,,1042.661111,389.2,,1027.1,389.2,,1144.25,389.2,,1086.322222,389.2,,1051.741667
390,,1076.638889,390,,1008.125,390,,2268.555556,390,,1043.05,390,,1032.488889,390,,1138.527778,390,,1110.488889,390,,1051.297222
390.9,,1075.194444,390.9,,1029.736111,390.9,,2283.611111,390.9,,1054.161111,390.9,,1043.877778,390.9,,1142.083333,390.9,,1091.933333,390.9,,1050.852778
391.7,,1076.805556,391.7,,1050.680556,391.7,,2315,391.7,,1043.161111,391.7,,1046.044444,391.7,,1150.305556,391.7,,1094.044444,391.7,,1064.575
392.6,,1047.972222,392.6,,1050.402778,392.6,,2365.166667,392.6,,1035.661111,392.6,,1038.433333,392.6,,1133.861111,392.6,,1086.877778,392.6,,1089.241667
393.4,,1076.416667,393.4,,1025.625,393.4,,2429.222222,393.4,,1035.494444,393.4,,1024.488889,393.4,,1138.416667,393.4,,1099.322222,393.4,,1104.463889
394.3,,1042.972222,394.3,,1032.958333,394.3,,2466.944444,394.3,,1036.55,394.3,,1008.322222,394.3,,1148.583333,394.3,,1133.544444,394.3,,1088.463889
395.2,,1078.25,395.2,,1035.125,395.2,,2483.944444,395.2,,1047.938889,395.2,,1006.211111,395.2,,1160.305556,395.2,,1168.766667,395.2,,1088.463889
396,,1089.027778,396,,1037.902778,396,,2488,396,,1050.883333,396,,1008.155556,396,,1150.805556,396,,1189.877778,396,,1107.019444
396.9,,1094.694444,396.9,,1021.291667,396.9,,2486.333333,396.9,,1061.383333,396.9,,1010.1,396.9,,1161.138889,396.9,,1204.377778,396.9,,1123.963889
397.7,,1071.583333,397.7,,1021.902778,397.7,,2505.5,397.7,,1045.55,397.7,,1006.1,397.7,,1162.083333,397.7,,1172.988889,397.7,,1113.408333
398.6,,1037.361111,398.6,,1038.402778,398.6,,2522.944444,398.6,,1030.827778,398.6,,1003.1,398.6,,1139.694444,398.6,,1174.6,398.6,,1139.297222
399.4,,1038.027778,399.4,,1021.625,399.4,,2543.277778,399.4,,1019.383333,399.4,,1006.822222,399.4,,1117.75,399.4,,1147.988889,399.4,,1129.241667
400.3,,1033.583333,400.3,,1019.180556,400.3,,2529.833333,400.3,,1028.55,400.3,,1013.655556,400.3,,1145.638889,400.3,,1164.711111,400.3,,1130.852778
401.2,,1056.527778,401.2,,994.125,401.2,,2538.388889,401.2,,1025.772222,401.2,,1014.044444,401.2,,1155.916667,401.2,,1165.766667,401.2,,1124.352778
402,,1064.361111,402,,1016.902778,402,,2524.611111,402,,1034.827778,402,,1015.211111,402,,1194.527778,402,,1172.711111,402,,1164.463889
402.9,,1060.916667,402.9,,1016.680556,402.9,,2493.944444,402.9,,1029.327778,402.9,,1021.822222,402.9,,1167.305556,402.9,,1149.433333,402.9,,1176.741667
403.7,,1041.861111,403.7,,1034.958333,403.7,,2439.888889,403.7,,1043.05,403.7,,1024.933333,403.7,,1186.361111,403.7,,1147.544444,403.7,,1137.463889
404.6,,1040.083333,404.6,,1038.236111,404.6,,2415.944444,404.6,,1031.105556,404.6,,1028.877778,404.6,,1159.194444,404.6,,1139.1,404.6,,1119.797222
405.4,,1046.972222,405.4,,1045.013889,405.4,,2403.166667,405.4,,1048.216667,405.4,,1021.1,405.4,,1145.027778,405.4,,1181.1,405.4,,1134.797222
406.3,,1064.194444,406.3,,1029.402778,406.3,,2397.388889,406.3,,1041.438889,406.3,,1018.433333,406.3,,1141.027778,406.3,,1194.266667,406.3,,1185.908333
407.2,,1073.305556,407.2,,1010.958333,407.2,,2407.055556,407.2,,1052.994444,407.2,,1007.488889,407.2,,1142.861111,407.2,,1213.933333,407.2,,1204.575
408,,1058.194444,408,,1001.069444,408,,2408.611111,408,,1041.605556,408,,995.9333333,408,,1153.638889,408,,1219.544444,408,,1218.797222
408.9,,1060.75,408.9,,1005.902778,408.9,,2398.111111,408.9,,1043.05,408.9,,1010.766667,408.9,,1175.861111,408.9,,1208.155556,408.9,,1214.352778
409.7,,1057.361111,409.7,,1005.458333,409.7,,2358.5,409.7,,1028.55,409.7,,1015.766667,409.7,,1178.027778,409.7,,1196.155556,409.7,,1199.741667
410.6,,1073.694444,410.6,,1029.680556,410.6,,2340.166667,410.6,,1041.216667,410.6,,1025.6,410.6,,1217.027778,410.6,,1176.544444,410.6,,1208.686111
411.4,,1055.472222,411.4,,1027.847222,411.4,,2307.666667,411.4,,1057.605556,411.4,,1013.433333,411.4,,1203.472222,411.4,,1189.377778,411.4,,1224.908333
412.3,,1061.472222,412.3,,1037.013889,412.3,,2307.777778,412.3,,1068.772222,412.3,,1012.377778,412.3,,1218.861111,412.3,,1210.988889,412.3,,1237.741667
413.1,,1097.972222,413.1,,1015.625,413.1,,2288.5,413.1,,1054.383333,413.1,,1012.6,413.1,,1220.861111,413.1,,1226.822222,413.1,,1229.797222
414,,1106.361111,414,,1020.958333,414,,2261.111111,414,,1024.661111,414,,1021.933333,414,,1219.138889,414,,1218.211111,414,,1229.297222
414.9,,1141.027778,414.9,,1011.958333,414.9,,2222.277778,414.9,,1023.494444,414.9,,1017.433333,414.9,,1203.361111,414.9,,1180.711111,414.9,,1225.463889
415.7,,1131.472222,415.7,,1010.625,415.7,,2209,415.7,,1042.327778,415.7,,1027.766667,415.7,,1192.805556,415.7,,1157.1,415.7,,1239.908333
416.6,,1159.138889,416.6,,1028.902778,416.6,,2206.444444,416.6,,1056.272222,416.6,,1018.488889,416.6,,1183.527778,416.6,,1170.211111,416.6,,1252.463889
417.4,,1149.472222,417.4,,1030.958333,417.4,,2197.277778,417.4,,1056.883333,417.4,,1017.266667,417.4,,1185.527778,417.4,,1197.377778,417.4,,1263.186111
418.3,,1154.25,418.3,,1025.902778,418.3,,2176.888889,418.3,,1040.383333,418.3,,1008.044444,418.3,,1181.638889,418.3,,1226.433333,418.3,,1262.741667
419.1,,1150.861111,419.1,,1007.736111,419.1,,2145.166667,419.1,,1033.772222,419.1,,1032.877778,419.1,,1197.972222,419.1,,1196.488889,419.1,,1257.463889
420,,1161.25,420,,1001.347222,420,,2098.555556,420,,1036.383333,420,,1036.155556,420,,1224.472222,420,,1221.155556,420,,1276.186111
420.9,,1182.583333,420.9,,1009.236111,420.9,,2060.333333,420.9,,1035.938889,420.9,,1034.933333,420.9,,1231.583333,420.9,,1219.322222,420.9,,1263.519444
421.7,,1201.694444,421.7,,1007.291667,421.7,,2020.944444,421.7,,1055.105556,421.7,,1010.6,421.7,,1228.861111,421.7,,1251.822222,421.7,,1259.741667
422.6,,1187.583333,422.6,,1007.902778,422.6,,2009.444444,422.6,,1043.161111,422.6,,1033.044444,422.6,,1221.305556,422.6,,1227.933333,422.6,,1249.575
423.4,,1198.25,423.4,,1015.347222,423.4,,1981.388889,423.4,,1030.05,423.4,,1054.155556,423.4,,1219.138889,423.4,,1221.655556,423.4,,1257.130556
424.3,,1183.638889,424.3,,1018.736111,424.3,,1971.277778,424.3,,1032.827778,424.3,,1066.044444,424.3,,1229.194444,424.3,,1233.822222,424.3,,1261.408333
425.1,,1173.638889,425.1,,1025.847222,425.1,,1936.611111,425.1,,1032.55,425.1,,1044.488889,425.1,,1219.527778,425.1,,1222.322222,425.1,,1256.463889
426,,1145.361111,426,,1029.180556,426,,1903.444444,426,,1036.438889,426,,1022.6,426,,1194.138889,426,,1238.544444,426,,1258.463889
426.9,,1141.027778,426.9,,1024.291667,426.9,,1861.833333,426.9,,1013.105556,426.9,,1012.766667,426.9,,1192.305556,426.9,,1232.044444,426.9,,1257.186111
427.7,,1145.25,427.7,,1016.069444,427.7,,1818.611111,427.7,,1029.327778,427.7,,1010.655556,427.7,,1181.25,427.7,,1243.211111,427.7,,1248.352778
428.6,,1161.916667,428.6,,1011.791667,428.6,,1784.888889,428.6,,1047.994444,428.6,,1026.6,428.6,,1200.027778,428.6,,1229.377778,428.6,,1237.408333
429.4,,1170.694444,429.4,,1008.569444,429.4,,1769.222222,429.4,,1073.994444,429.4,,1049.044444,429.4,,1175.805556,429.4,,1230.766667,429.4,,1242.186111
430.3,,1190.027778,430.3,,1013.625,430.3,,1761.166667,430.3,,1060.55,430.3,,1060.266667,430.3,,1178.305556,430.3,,1245.544444,430.3,,1254.075
431.1,,1170.75,431.1,,1002.625,431.1,,1730.722222,431.1,,1053.216667,431.1,,1047.488889,431.1,,1179.527778,431.1,,1256.766667,431.1,,1249.797222
432,,1151.583333,432,,1003.569444,432,,1702.722222,432,,1028.827778,432,,1021.155556,432,,1194.472222,432,,1254.655556,432,,1205.630556
432.9,,1131.972222,432.9,,997.3472222,432.9,,1688.333333,432.9,,1055.716667,432.9,,1015.655556,432.9,,1217.916667,432.9,,1253.988889,432.9,,1202.630556
433.7,,1113.472222,433.7,,1005.791667,433.7,,1685.222222,433.7,,1069.494444,433.7,,1014.822222,433.7,,1224.25,433.7,,1269.822222,433.7,,1194.075
434.6,,1125.861111,434.6,,1008.625,434.6,,1670.166667,434.6,,1079.716667,434.6,,1022.933333,434.6,,1223.75,434.6,,1261.988889,434.6,,1213.630556
435.4,,1144.583333,435.4,,1025.347222,435.4,,1640.666667,435.4,,1065.883333,435.4,,1017.655556,435.4,,1203.861111,435.4,,1266.322222,435.4,,1199.908333
436.3,,1152.25,436.3,,1017.347222,436.3,,1619.333333,436.3,,1043.994444,436.3,,1029.6,436.3,,1207.805556,436.3,,1259.933333,436.3,,1209.352778
437.1,,1151.25,437.1,,1017.791667,437.1,,1596.944444,437.1,,1044.216667,437.1,,1034.322222,437.1,,1199.472222,437.1,,1275.1,437.1,,1201.297222
438,,1141.305556,438,,1006.125,438,,1586.722222,438,,1051.55,438,,1030.877778,438,,1208.361111,438,,1276.988889,438,,1177.519444
438.9,,1149.25,438.9,,1011.180556,438.9,,1576.055556,438.9,,1060.827778,438.9,,1030.711111,438.9,,1212.861111,438.9,,1270.766667,438.9,,1140.075
439.7,,1159.25,439.7,,1010.347222,439.7,,1572.722222,439.7,,1073.772222,439.7,,1023.711111,439.7,,1235.694444,439.7,,1274.877778,439.7,,1147.852778
440.6,,1135.861111,440.6,,1006.736111,440.6,,1552.888889,440.6,,1063.438889,440.6,,1039.377778,440.6,,1243.75,440.6,,1283.1,440.6,,1157.908333
441.4,,1107.75,441.4,,1023.180556,441.4,,1538.277778,441.4,,1054.494444,441.4,,1029.488889,441.4,,1243.805556,441.4,,1281.877778,441.4,,1190.352778
442.3,,1092.805556,442.3,,1026.236111,442.3,,1532.722222,442.3,,1044.327778,442.3,,1026.711111,442.3,,1239.083333,442.3,,1267.266667,442.3,,1190.408333
443.1,,1102.861111,443.1,,1035.569444,443.1,,1534.166667,443.1,,1056.161111,443.1,,1012.6,443.1,,1224.083333,443.1,,1251.822222,443.1,,1178.297222
444,,1097.361111,444,,1010.736111,444,,1529.833333,444,,1062.994444,444,,1016.266667,444,,1226.75,444,,1250.988889,444,,1136.575
444.9,,1077.305556,444.9,,1008.958333,444.9,,1499.611111,444.9,,1053.105556,444.9,,1013.6,444.9,,1233.694444,444.9,,1264.877778,444.9,,1100.408333
445.7,,1055.638889,445.7,,1000.736111,445.7,,1483.777778,445.7,,1028.494444,445.7,,1025.544444,445.7,,1255.027778,445.7,,1260.1,445.7,,1098.797222
446.6,,1060.861111,446.6,,1015.958333,446.6,,1471.722222,446.6,,1066.216667,446.6,,1028.322222,446.6,,1262.527778,446.6,,1267.933333,446.6,,1139.352778
447.4,,1059.194444,447.4,,1024.958333,447.4,,1469.5,447.4,,1086.716667,447.4,,1032.933333,447.4,,1266.194444,447.4,,1266.544444,447.4,,1137.408333
448.3,,1070.638889,448.3,,1028.291667,448.3,,1462.444444,448.3,,1099.605556,448.3,,1023.433333,448.3,,1257.916667,448.3,,1287.766667,448.3,,1137.463889
449.1,,1065.972222,449.1,,1032.513889,449.1,,1452,449.1,,1051.438889,449.1,,1022.544444,449.1,,1251.527778,449.1,,1285.322222,449.1,,1118.297222
450,,1055.861111,450,,1021.680556,450,,1452.666667,450,,1049.772222,450,,1021.155556,450,,1248.194444,450,,1295.544444,450,,1162.297222
450.9,,1042.194444,450.9,,1017.791667,450.9,,1457.333333,450.9,,1049.383333,450.9,,1019.1,450.9,,1256.583333,450.9,,1290.155556,450.9,,1143.908333
451.7,,1032.027778,451.7,,1003.736111,451.7,,1454.944444,451.7,,1050.216667,451.7,,1002.155556,451.7,,1241.416667,451.7,,1293.6,451.7,,1146.741667
452.6,,1033.805556,452.6,,1008.402778,452.6,,1461.222222,452.6,,1041.05,452.6,,998.9333333,452.6,,1239.472222,452.6,,1283.655556,452.6,,1110.352778
453.4,,1063.083333,453.4,,1013.902778,453.4,,1444.944444,453.4,,1050.716667,453.4,,1003.377778,453.4,,1232.916667,453.4,,1285.877778,453.4,,1113.075
454.3,,1087.194444,454.3,,1011.625,454.3,,1441.333333,454.3,,1063.661111,454.3,,1021.433333,454.3,,1246.916667,454.3,,1286.488889,454.3,,1108.241667
455.1,,1097.972222,455.1,,1008.958333,455.1,,1424.333333,455.1,,1071.272222,455.1,,1020.933333,455.1,,1238.361111,455.1,,1283.933333,455.1,,1097.241667
456,,1082.416667,456,,1000.791667,456,,1423.388889,456,,1073.216667,456,,1013.433333,456,,1217.416667,456,,1276.488889,456,,1095.019444
456.9,,1090.361111,456.9,,1010.847222,456.9,,1422.888889,456.9,,1066.494444,456.9,,1025.822222,456.9,,1215.361111,456.9,,1269.322222,456.9,,1086.463889
457.7,,1076.361111,457.7,,1004.069444,457.7,,1419.944444,457.7,,1066.605556,457.7,,1037.1,457.7,,1219.527778,457.7,,1264.266667,457.7,,1122.852778
458.6,,1054.416667,458.6,,1011.069444,458.6,,1412.611111,458.6,,1043.827778,458.6,,1039.433333,458.6,,1218.972222,458.6,,1257.322222,458.6,,1154.297222
459.4,,1047.138889,459.4,,1018.347222,459.4,,1403.888889,459.4,,1054.994444,459.4,,1015.322222,459.4,,1182.694444,459.4,,1249.766667,459.4,,1171.186111
460.3,,1080.138889,460.3,,1025.958333,460.3,,1394.055556,460.3,,1033.161111,460.3,,1005.488889,460.3,,1196.25,460.3,,1252.544444,460.3,,1161.852778
461.1,,1113.472222,461.1,,1032.513889,461.1,,1390.444444,461.1,,1065.55,461.1,,1007.655556,461.1,,1209.527778,461.1,,1260.1,461.1,,1140.852778
462,,1110.972222,462,,1016.069444,462,,1388.277778,462,,1072.327778,462,,1010.1,462,,1255.027778,462,,1263.988889,462,,1104.908333
462.9,,1112.694444,462.9,,1014.625,462.9,,1385.777778,462.9,,1081.494444,462.9,,1005.655556,462.9,,1232.861111,462.9,,1263.044444,462.9,,1067.797222
463.7,,1098.194444,463.7,,1005.013889,463.7,,1381.222222,463.7,,1065.383333,463.7,,998.6555556,463.7,,1227.972222,463.7,,1267.377778,463.7,,1062.963889
464.6,,1102.472222,464.6,,1009.791667,464.6,,1363.277778,464.6,,1040.827778,464.6,,997.6,464.6,,1222.527778,464.6,,1271.544444,464.6,,1087.297222
465.4,,1091.694444,465.4,,1012.125,465.4,,1349.777778,465.4,,1032.438889,465.4,,1004.711111,465.4,,1222.472222,465.4,,1285.211111,465.4,,1122.186111
466.3,,1130.638889,466.3,,1009.902778,466.3,,1341.333333,466.3,,1056.438889,466.3,,1012.155556,466.3,,1229.972222,466.3,,1281.544444,466.3,,1128.019444
467.1,,1150.194444,467.1,,1006.902778,467.1,,1344.277778,467.1,,1070.494444,467.1,,1011.822222,467.1,,1201.194444,467.1,,1283.766667,467.1,,1116.241667
468,,1188.972222,468,,1001.236111,468,,1346.166667,468,,1091.105556,468,,1005.1,468,,1222.527778,468,,1271.155556,468,,1126.908333
468.9,,1173.861111,468.9,,1004.402778,468.9,,1330.833333,468.9,,1072.216667,468.9,,1000.155556,468.9,,1206.25,468.9,,1276.711111,468.9,,1123.408333
469.7,,1182.083333,469.7,,1005.236111,469.7,,1323.055556,469.7,,1067.883333,469.7,,997.1,469.7,,1215.472222,469.7,,1282.766667,469.7,,1116.019444
470.6,,1207.583333,470.6,,1005.069444,470.6,,1311.055556,470.6,,1053.105556,470.6,,995.4888889,470.6,,1180.194444,470.6,,1306.155556,470.6,,1101.575
471.4,,1265.972222,471.4,,1007.402778,471.4,,1322.833333,471.4,,1031.383333,471.4,,998.2111111,471.4,,1196.583333,471.4,,1310.655556,471.4,,1090.575
472.3,,1383.805556,472.3,,1003.625,472.3,,1320.277778,472.3,,1031.272222,472.3,,1002.322222,472.3,,1207.75,472.3,,1307.433333,472.3,,1096.686111
473.1,,1526.25,473.1,,1022.180556,473.1,,1334,473.1,,1021.05,473.1,,1019.877778,473.1,,1235.583333,473.1,,1297.266667,473.1,,1077.797222
474,,1630.361111,474,,1014.180556,474,,1330.666667,474,,1031.05,474,,1031.211111,474,,1232.083333,474,,1304.377778,474,,1078.797222
474.9,,1689.861111,474.9,,1018.736111,474.9,,1330.166667,474.9,,1030.494444,474.9,,1026.822222,474.9,,1240.194444,474.9,,1310.877778,474.9,,1081.408333
475.7,,1728.138889,475.7,,1001.458333,475.7,,1318.055556,475.7,,1037.494444,475.7,,1010.766667,475.7,,1251.083333,475.7,,1316.211111,475.7,,1104.963889
476.6,,1831.416667,476.6,,1004.125,476.6,,1319.555556,476.6,,1042.272222,476.6,,1013.711111,476.6,,1244.861111,476.6,,1311.211111,476.6,,1151.130556
477.4,,1937.027778,477.4,,1001.125,477.4,,1313.777778,477.4,,1048.327778,477.4,,1017.877778,477.4,,1247.638889,477.4,,1313.544444,477.4,,1131.352778
478.3,,2041.305556,478.3,,1001.625,478.3,,1305.444444,478.3,,1042.883333,478.3,,1030.655556,478.3,,1242.861111,478.3,,1323.211111,478.3,,1108.186111
479.1,,2057.138889,479.1,,1010.902778,479.1,,1304.5,479.1,,1036.438889,479.1,,1016.155556,479.1,,1250.305556,479.1,,1329.711111,479.1,,1066.130556
480,,2060.583333,480,,1004.513889,480,,1304.5,480,,1044.605556,480,,1020.988889,480,,1246.305556,480,,1335.655556,480,,1095.575
480.9,,2033.305556,480.9,,1007.347222,480.9,,1316.722222,480.9,,1056.55,480.9,,1008.711111,480.9,,1241.027778,480.9,,1335.822222,480.9,,1108.463889
481.7,,2062.638889,481.7,,1002.236111,481.7,,1321.944444,481.7,,1061.883333,481.7,,1013.711111,481.7,,1264.138889,481.7,,1336.433333,481.7,,1138.130556
482.6,,2060.361111,482.6,,1009.125,482.6,,1335.555556,482.6,,1039.605556,482.6,,1006.044444,482.6,,1261.361111,482.6,,1327.433333,482.6,,1128.575
483.4,,1964.805556,483.4,,1010.680556,483.4,,1339.444444,483.4,,1062.272222,483.4,,1021.544444,483.4,,1268.027778,483.4,,1323.155556,483.4,,1131.352778
484.3,,1831.194444,484.3,,1010.847222,484.3,,1339.166667,484.3,,1052.55,484.3,,1020.711111,484.3,,1258.583333,484.3,,1319.211111,484.3,,1116.963889
485.1,,1707.972222,485.1,,1011.347222,485.1,,1337.666667,485.1,,1068.327778,485.1,,1032.933333,485.1,,1262.75,485.1,,1332.1,485.1,,1122.519444
486,,1661.805556,486,,1008.347222,486,,1340.555556,486,,1037.827778,486,,1024.322222,486,,1263.138889,486,,1318.488889,486,,1114.630556
486.9,,1624.083333,486.9,,1012.791667,486.9,,1338.833333,486.9,,1048.105556,486.9,,1028.322222,486.9,,1260.583333,486.9,,1312.044444,486.9,,1102.130556
487.7,,1569.25,487.7,,1024.125,487.7,,1336.611111,487.7,,1048.272222,487.7,,1017.988889,487.7,,1257.194444,487.7,,1294.044444,487.7,,1118.241667
488.6,,1502.972222,488.6,,1037.347222,488.6,,1329.611111,488.6,,1069.716667,488.6,,1012.1,488.6,,1257.361111,488.6,,1305.877778,488.6,,1131.075
489.4,,1449.361111,489.4,,1036.236111,489.4,,1322.944444,489.4,,1068.772222,489.4,,1001.377778,489.4,,1263.416667,489.4,,1311.322222,489.4,,1147.797222
490.3,,1391.361111,490.3,,1054.402778,490.3,,1313.833333,490.3,,1088.161111,490.3,,996.1,490.3,,1266.638889,490.3,,1314.044444,490.3,,1134.630556
491.1,,1355.861111,491.1,,1051.125,491.1,,1312,491.1,,1089.994444,491.1,,1000.544444,491.1,,1256.583333,491.1,,1303.433333,491.1,,1132.130556
492,,1318.138889,492,,1048.625,492,,1306.5,492,,1144.327778,492,,1006.322222,492,,1255.638889,492,,1300.211111,492,,1140.463889
492.9,,1302.916667,492.9,,1031.847222,492.9,,1320.222222,492.9,,1148.105556,492.9,,1016.988889,492.9,,1260.25,492.9,,1297.655556,492.9,,1151.463889
493.7,,1276.638889,493.7,,1021.291667,493.7,,1309.666667,493.7,,1149.772222,493.7,,1021.822222,493.7,,1257.138889,493.7,,1296.155556,493.7,,1135.797222
494.6,,1243.027778,494.6,,1024.791667,494.6,,1309.722222,494.6,,1148.716667,494.6,,1028.766667,494.6,,1256.805556,494.6,,1293.655556,494.6,,1127.130556
495.4,,1217.583333,495.4,,1010.069444,495.4,,1311,495.4,,1149.994444,495.4,,1033.488889,495.4,,1231.305556,495.4,,1289.877778,495.4,,1096.075
496.3,,1176.916667,496.3,,1018.125,496.3,,1327.333333,496.3,,1175.383333,496.3,,1037.544444,496.3,,1237.083333,496.3,,1281.6,496.3,,1105.019444
497.1,,1162.527778,497.1,,1010.736111,497.1,,1328.888889,497.1,,1183.161111,497.1,,1034.711111,497.1,,1236.416667,497.1,,1275.544444,497.1,,1080.297222
498,,1134.083333,498,,1010.013889,498,,1312.277778,498,,1181.272222,498,,1032.433333,498,,1260.861111,498,,1266.211111,498,,1067.186111
498.8,,1131.25,498.8,,1012.458333,498.8,,1311.722222,498.8,,1189.494444,498.8,,1023.988889,498.8,,1274.361111,498.8,,1273.988889,498.8,,1044.075
499.7,,1102.75,499.7,,1008.513889,499.7,,1316.277778,499.7,,1165.438889,499.7,,1020.655556,499.7,,1250.083333,499.7,,1270.822222,499.7,,1087.352778
500.6,,1095.638889,500.6,,1010.513889,500.6,,1323.5,500.6,,1173.661111,500.6,,1008.155556,500.6,,1247.527778,500.6,,1282.933333,500.6,,1136.241667
501.4,,1097.638889,501.4,,999.4583333,501.4,,1319.277778,501.4,,1142.05,501.4,,1016.933333,501.4,,1235.138889,501.4,,1278.822222,501.4,,1172.463889
502.3,,1104.25,502.3,,1006.958333,502.3,,1312.833333,502.3,,1107.327778,502.3,,1018.933333,502.3,,1259.638889,502.3,,1275.6,502.3,,1127.575
503.1,,1111.694444,503.1,,1009.347222,503.1,,1313.333333,503.1,,1104.216667,503.1,,1020.488889,503.1,,1245.083333,503.1,,1277.988889,503.1,,1126.463889
504,,1077.25,504,,1011.958333,504,,1308.777778,504,,1073.938889,504,,1006.488889,504,,1236.305556,504,,1274.155556,504,,1112.186111
504.8,,1064.694444,504.8,,1017.458333,504.8,,1310.555556,504.8,,1072.883333,504.8,,1017.377778,504.8,,1230.25,504.8,,1286.488889,504.8,,1144.463889
505.7,,1076.472222,505.7,,1018.625,505.7,,1302.888889,505.7,,1041.383333,505.7,,1033.433333,505.7,,1230.861111,505.7,,1285.711111,505.7,,1135.241667
506.6,,1072.916667,506.6,,1013.902778,506.6,,1309.388889,506.6,,1062.661111,506.6,,1049.933333,506.6,,1245.583333,506.6,,1292.266667,506.6,,1134.852778
507.4,,1084.75,507.4,,1005.569444,507.4,,1317.055556,507.4,,1050.994444,507.4,,1047.766667,507.4,,1236.416667,507.4,,1293.322222,507.4,,1139.186111
508.3,,1047.361111,508.3,,1016.847222,508.3,,1308.611111,508.3,,1036.05,508.3,,1038.433333,508.3,,1235.138889,508.3,,1286.655556,508.3,,1110.741667
509.1,,1071.416667,509.1,,1023.736111,509.1,,1304.166667,509.1,,1022.883333,509.1,,1019.988889,509.1,,1213.583333,509.1,,1284.877778,509.1,,1098.075
510,,1070.916667,510,,1027.847222,510,,1310.277778,510,,1014.605556,510,,1008.488889,510,,1221.527778,510,,1288.433333,510,,1062.741667
510.8,,1062.138889,510.8,,1012.625,510.8,,1347.333333,510.8,,1027.383333,510.8,,999.8222222,510.8,,1238.75,510.8,,1298.488889,510.8,,1052.686111
511.7,,1049.75,511.7,,1007.236111,511.7,,1359.111111,511.7,,1020.494444,511.7,,1016.044444,511.7,,1248.638889,511.7,,1305.211111,511.7,,1033.797222
512.5,,1022.25,512.5,,1017.513889,512.5,,1366.166667,512.5,,1038.438889,512.5,,1017.877778,512.5,,1249.527778,512.5,,1326.266667,512.5,,1056.019444
513.3,,1033.694444,513.3,,1018.736111,513.3,,1365.277778,513.3,,1025.605556,513.3,,1016.155556,513.3,,1235.583333,513.3,,1345.211111,513.3,,1115.852778
514.1,,1041.027778,514.1,,1030.402778,514.1,,1380.277778,514.1,,1023.605556,514.1,,1015.155556,514.1,,1234.027778,514.1,,1357.322222,514.1,,1137.630556
514.9,,1055.694444,514.9,,1017.458333,514.9,,1382.388889,514.9,,1012.272222,514.9,,1010.1,514.9,,1242.694444,514.9,,1346.377778,514.9,,1136.852778
515.7,,1034.527778,515.7,,1029.791667,515.7,,1368.722222,515.7,,1010.661111,515.7,,1014.433333,515.7,,1236.416667,515.7,,1333.933333,515.7,,1121.408333
516.5,,1036.972222,516.5,,1015.180556,516.5,,1353.833333,516.5,,1046.55,516.5,,1005.044444,516.5,,1235.194444,516.5,,1330.711111,516.5,,1147.019444
517.3,,1036.916667,517.3,,1015.958333,517.3,,1341.944444,517.3,,1055.661111,517.3,,1009.488889,517.3,,1228.805556,517.3,,1332.655556,517.3,,1151.797222
518.1,,1047.083333,518.1,,1018.569444,518.1,,1346.722222,518.1,,1059.994444,518.1,,1013.488889,518.1,,1235.194444,518.1,,1339.322222,518.1,,1126.463889
518.9,,1039.416667,518.9,,1035.125,518.9,,1343.111111,518.9,,1028.772222,518.9,,1021.988889,518.9,,1238.972222,518.9,,1339.1,518.9,,1115.075
519.7,,1031.138889,519.7,,1045.958333,519.7,,1340.833333,519.7,,1029.438889,519.7,,1021.1,519.7,,1233.305556,519.7,,1321.488889,519.7,,1084.741667
520.5,,1029.027778,520.5,,1040.625,520.5,,1334.888889,520.5,,1030.161111,520.5,,1033.155556,520.5,,1235.472222,520.5,,1305.488889,520.5,,1093.908333
521.2,,1030.194444,521.2,,1031.902778,521.2,,1322.888889,521.2,,1028.938889,521.2,,1033.711111,521.2,,1215.25,521.2,,1289.1,521.2,,1080.241667
522,,1035.583333,522,,1020.180556,522,,1314.555556,522,,1032.55,522,,1029.044444,522,,1206.638889,522,,1284.877778,522,,1078.575
522.8,,1045.305556,522.8,,1007.569444,522.8,,1297.333333,522.8,,1046.938889,522.8,,1016.266667,522.8,,1208.916667,522.8,,1283.766667,522.8,,1085.908333
523.6,,1032.361111,523.6,,1008.402778,523.6,,1296.777778,523.6,,1068.05,523.6,,1006.433333,523.6,,1233.027778,523.6,,1293.155556,523.6,,1095.963889
524.4,,1043.972222,524.4,,1031.736111,524.4,,1296,524.4,,1066.05,524.4,,1010.266667,524.4,,1245.25,524.4,,1283.1,524.4,,1104.908333
525.2,,1036.361111,525.2,,1035.013889,525.2,,1317.388889,525.2,,1052.438889,525.2,,1012.211111,525.2,,1238.694444,525.2,,1282.433333,525.2,,1093.852778
526,,1051.083333,526,,1029.902778,526,,1315.333333,526,,1043.772222,526,,1014.6,526,,1238.25,526,,1279.822222,526,,1103.186111
526.8,,1032.361111,526.8,,1008.736111,526.8,,1317.611111,526.8,,1046.161111,526.8,,1012.322222,526.8,,1218.083333,526.8,,1285.266667,526.8,,1100.741667
527.6,,1047.083333,527.6,,1018.902778,527.6,,1309,527.6,,1066.716667,527.6,,1012.488889,527.6,,1226.694444,527.6,,1289.877778,527.6,,1113.908333
528.4,,1033.583333,528.4,,1019.736111,528.4,,1323.055556,528.4,,1064.105556,528.4,,1010.544444,528.4,,1238.916667,528.4,,1283.488889,528.4,,1104.575
529.2,,1026.972222,529.2,,1020.236111,529.2,,1336.111111,529.2,,1051.327778,529.2,,1016.155556,529.2,,1246.583333,529.2,,1274.044444,529.2,,1117.575
530,,1014.305556,530,,1022.958333,530,,1354.333333,530,,1024.438889,530,,1025.377778,530,,1259.805556,530,,1254.1,530,,1103.186111
530.7,,1023.916667,530.7,,1026.013889,530.7,,1377.166667,530.7,,1026.438889,530.7,,1027.544444,530.7,,1250.527778,530.7,,1255.155556,530.7,,1091.797222
531.5,,1027.861111,531.5,,1026.013889,531.5,,1399.222222,531.5,,1025.494444,531.5,,1035.877778,531.5,,1272.194444,531.5,,1265.155556,531.5,,1087.186111
532.3,,1019.194444,532.3,,1021.958333,532.3,,1443.888889,532.3,,1028.494444,532.3,,1047.766667,532.3,,1268.694444,532.3,,1282.544444,532.3,,1080.963889
533.1,,1005.083333,533.1,,1019.180556,533.1,,1493.888889,533.1,,1022.883333,533.1,,1058.488889,533.1,,1268.194444,533.1,,1277.544444,533.1,,1083.075
533.9,,1039.472222,533.9,,1028.513889,533.9,,1530.277778,533.9,,1018.772222,533.9,,1055.377778,533.9,,1261.972222,533.9,,1284.155556,533.9,,1073.463889
534.7,,1070.194444,534.7,,1018.402778,534.7,,1563.055556,534.7,,1029.161111,534.7,,1035.544444,534.7,,1262.083333,534.7,,1274.1,534.7,,1090.630556
535.5,,1069.916667,535.5,,1027.236111,535.5,,1590.5,535.5,,1019.883333,535.5,,1020.266667,535.5,,1270.527778,535.5,,1273.988889,535.5,,1099.686111
536.3,,1059.083333,536.3,,1017.958333,536.3,,1627.666667,536.3,,1021.216667,536.3,,1026.711111,536.3,,1273.583333,536.3,,1260.322222,536.3,,1125.630556
537.1,,1047.75,537.1,,1015.958333,537.1,,1642.666667,537.1,,1041.494444,537.1,,1023.544444,537.1,,1251.638889,537.1,,1268.711111,537.1,,1126.686111
537.9,,1055.027778,537.9,,1010.236111,537.9,,1643.5,537.9,,1041.383333,537.9,,1029.044444,537.9,,1250.527778,537.9,,1263.488889,537.9,,1116.741667
538.7,,1030.027778,538.7,,1010.402778,538.7,,1639.5,538.7,,1049.605556,538.7,,1018.266667,538.7,,1254.527778,538.7,,1273.266667,538.7,,1126.741667
539.5,,1017.361111,539.5,,1025.236111,539.5,,1619.111111,539.5,,1032.494444,539.5,,1032.044444,539.5,,1268.583333,539.5,,1254.211111,539.5,,1120.630556
540.2,,1016.583333,540.2,,1020.625,540.2,,1607.888889,540.2,,1039.327778,540.2,,1051.6,540.2,,1263.027778,540.2,,1257.711111,540.2,,1121.075
541,,1023.527778,541,,1033.736111,541,,1603.222222,541,,1046.994444,541,,1085.6,541,,1220.805556,541,,1249.322222,541,,1111.797222
541.8,,1045.638889,541.8,,1025.569444,541.8,,1607.611111,541.8,,1035.05,541.8,,1117.1,541.8,,1214.861111,541.8,,1255.711111,541.8,,1107.575
542.6,,1041.083333,542.6,,1036.791667,542.6,,1600.222222,542.6,,1041.216667,542.6,,1136.155556,542.6,,1200.638889,542.6,,1243.6,542.6,,1117.352778
543.4,,1046.361111,543.4,,1022.680556,543.4,,1583.944444,543.4,,1026.938889,543.4,,1149.711111,543.4,,1218.416667,543.4,,1230.266667,543.4,,1115.463889
544.2,,1023.361111,544.2,,1022.902778,544.2,,1566.555556,544.2,,1026.994444,544.2,,1157.044444,544.2,,1229.472222,544.2,,1234.711111,544.2,,1114.352778
545,,1048.472222,545,,1025.458333,545,,1549,545,,1027.716667,545,,1167.155556,545,,1236.138889,545,,1247.155556,545,,1135.241667
545.8,,1036.25,545.8,,1026.347222,545.8,,1526.111111,545.8,,1029.827778,545.8,,1141.988889,545.8,,1213.027778,545.8,,1244.988889,545.8,,1113.019444
546.6,,1042.638889,546.6,,1043.847222,546.6,,1502.555556,546.6,,1041.55,546.6,,1091.766667,546.6,,1181.138889,546.6,,1229.6,546.6,,1136.963889
547.4,,1029.25,547.4,,1048.236111,547.4,,1487,547.4,,1024.661111,547.4,,1067.044444,547.4,,1166.138889,547.4,,1218.766667,547.4,,1124.352778
548.2,,1028.805556,548.2,,1048.347222,548.2,,1474.833333,548.2,,1037.827778,548.2,,1042.433333,548.2,,1178.25,548.2,,1225.1,548.2,,1136.297222
549,,1044.361111,549,,1032.736111,549,,1471.722222,549,,1036.716667,549,,1054.822222,549,,1198.527778,549,,1235.1,549,,1114.130556
549.7,,1048.194444,549.7,,1013.458333,549.7,,1452.388889,549.7,,1039.383333,549.7,,1036.211111,549.7,,1203.861111,549.7,,1231.1,549.7,,1105.852778
550.5,,1048.25,550.5,,1014.180556,550.5,,1438.055556,550.5,,1037.05,550.5,,1034.933333,550.5,,1229.305556,550.5,,1241.6,550.5,,1127.019444
551.3,,1038.805556,551.3,,1006.291667,551.3,,1408.333333,551.3,,1025.55,551.3,,1020.377778,551.3,,1218.916667,551.3,,1228.933333,551.3,,1123.186111
552.1,,1031.083333,552.1,,1010.458333,552.1,,1395.888889,552.1,,1046.661111,552.1,,1008.377778,552.1,,1216.583333,552.1,,1242.6,552.1,,1133.241667
552.9,,1055.638889,552.9,,1005.958333,552.9,,1380.222222,552.9,,1049.605556,552.9,,1005.155556,552.9,,1213.25,552.9,,1237.155556,552.9,,1144.741667
553.7,,1036.416667,553.7,,1027.680556,553.7,,1366.833333,553.7,,1048.716667,553.7,,1000.1,553.7,,1224.138889,553.7,,1258.1,553.7,,1153.241667
554.5,,1046.527778,554.5,,1025.125,554.5,,1347.611111,554.5,,1052.772222,554.5,,1001.1,554.5,,1240.694444,554.5,,1273.822222,554.5,,1143.575
555.3,,1026.472222,555.3,,1035.402778,555.3,,1337.666667,555.3,,1053.938889,555.3,,1017.544444,555.3,,1236.694444,555.3,,1296.877778,555.3,,1107.519444
556.1,,1045.416667,556.1,,1019.125,556.1,,1344,556.1,,1068.105556,556.1,,1020.988889,556.1,,1240.583333,556.1,,1318.266667,556.1,,1144.241667
556.9,,1052.972222,556.9,,1022.180556,556.9,,1345.555556,556.9,,1093.55,556.9,,1054.711111,556.9,,1246.027778,556.9,,1335.266667,556.9,,1146.630556
557.7,,1074.083333,557.7,,1027.680556,557.7,,1337.333333,557.7,,1094.216667,557.7,,1047.377778,557.7,,1254.138889,557.7,,1347.877778,557.7,,1178.519444
558.5,,1059.75,558.5,,1035.125,558.5,,1318.5,558.5,,1092.327778,558.5,,1052.711111,558.5,,1259.361111,558.5,,1352.322222,558.5,,1149.075
559.2,,1047.583333,559.2,,1026.180556,559.2,,1312.111111,559.2,,1069.216667,559.2,,1017.155556,559.2,,1254.75,559.2,,1337.1,559.2,,1145.130556
560,,1028.138889,560,,1009.625,560,,1307.166667,560,,1063.105556,560,,1025.544444,560,,1257.805556,560,,1325.877778,560,,1147.297222
560.8,,1053.027778,560.8,,1009.236111,560.8,,1316.388889,560.8,,1070.994444,560.8,,1017.266667,560.8,,1229.805556,560.8,,1285.822222,560.8,,1145.852778
561.6,,1052.472222,561.6,,1052.347222,561.6,,1319.444444,561.6,,1057.661111,561.6,,1019.322222,561.6,,1218.027778,561.6,,1268.6,561.6,,1158.186111
562.4,,1072.305556,562.4,,1052.013889,562.4,,1323.277778,562.4,,1059.383333,562.4,,1004.822222,562.4,,1212.694444,562.4,,1255.822222,562.4,,1128.186111
563.2,,1059.361111,563.2,,1040.013889,563.2,,1316.277778,563.2,,1059.605556,563.2,,1009.877778,563.2,,1234.805556,563.2,,1256.822222,563.2,,1129.019444
564,,1072.861111,564,,1014.458333,564,,1319.722222,564,,1059.716667,564,,1003.822222,564,,1228.138889,564,,1253.155556,564,,1104.741667
564.8,,1075.305556,564.8,,1013.569444,564.8,,1321.944444,564.8,,1055.938889,564.8,,1000.544444,564.8,,1230.527778,564.8,,1252.377778,564.8,,1093.408333
565.6,,1065.805556,565.6,,1019.236111,565.6,,1327.666667,565.6,,1046.661111,565.6,,1009.6,565.6,,1245.583333,565.6,,1256.877778,565.6,,1069.519444
566.4,,1064.75,566.4,,1018.013889,566.4,,1331.111111,566.4,,1033.661111,566.4,,1028.822222,566.4,,1266.305556,566.4,,1258.766667,566.4,,1058.186111
567.2,,1054.25,567.2,,1057.125,567.2,,1355.611111,567.2,,1023.05,567.2,,1031.6,567.2,,1278.138889,567.2,,1264.488889,567.2,,1093.908333
568,,1072.527778,568,,1047.902778,568,,1372.333333,568,,1022.105556,568,,1021.433333,568,,1265.583333,568,,1255.711111,568,,1081.575
568.7,,1070.138889,568.7,,1050.625,568.7,,1418.555556,568.7,,1028.05,568.7,,1010.544444,568.7,,1260.972222,568.7,,1249.155556,568.7,,1101.630556
569.5,,1079.138889,569.5,,1025.736111,569.5,,1474.666667,569.5,,1030.994444,569.5,,1013.266667,569.5,,1238.416667,569.5,,1239.488889,569.5,,1069.686111
570.3,,1088.638889,570.3,,1029.291667,570.3,,1588.777778,570.3,,1020.272222,570.3,,1012.433333,570.3,,1242.138889,570.3,,1240.211111,570.3,,1081.463889
571.1,,1117.305556,571.1,,1027.847222,571.1,,1741.611111,571.1,,1012.494444,571.1,,1017.044444,571.1,,1238.25,571.1,,1226.433333,571.1,,1086.019444
571.9,,1116.916667,571.9,,1020.402778,571.9,,1902.666667,571.9,,1010.161111,571.9,,1009.822222,571.9,,1248.972222,571.9,,1197.1,571.9,,1078.908333
572.7,,1114.138889,572.7,,1019.736111,572.7,,2060.944444,572.7,,1023.383333,572.7,,1008.933333,572.7,,1249.361111,572.7,,1153.655556,572.7,,1073.075
573.5,,1140.694444,573.5,,1002.847222,573.5,,2173.833333,573.5,,1024.938889,573.5,,1024.988889,573.5,,1268.25,573.5,,1163.6,573.5,,1053.741667
574.3,,1170.361111,574.3,,999.7361111,574.3,,2245.611111,574.3,,1039.216667,574.3,,1040.822222,574.3,,1282.083333,574.3,,1165.377778,574.3,,1064.741667
575.1,,1182.972222,575.1,,1003.736111,575.1,,2294.944444,575.1,,1060.827778,575.1,,1046.6,575.1,,1291.416667,575.1,,1198.6,575.1,,1067.352778
575.9,,1145.25,575.9,,1012.569444,575.9,,2393,575.9,,1071.327778,575.9,,1037.822222,575.9,,1290.805556,575.9,,1198.488889,575.9,,1083.741667
576.7,,1154.583333,576.7,,1025.680556,576.7,,2558.111111,576.7,,1070.161111,576.7,,1040.322222,576.7,,1301.138889,576.7,,1224.711111,576.7,,1092.297222
577.5,,1176.694444,577.5,,1037.236111,577.5,,2708.055556,577.5,,1049.327778,577.5,,1039.266667,577.5,,1310.583333,577.5,,1244.544444,577.5,,1083.130556
578.2,,1172.972222,578.2,,1032.347222,578.2,,2798.444444,578.2,,1053.383333,578.2,,1028.155556,578.2,,1320.694444,578.2,,1239.877778,578.2,,1062.019444
579,,1125.972222,579,,1015.902778,579,,2783.222222,579,,1061.05,579,,1018.6,579,,1325.361111,579,,1225.766667,579,,1041.019444
579.8,,1092.75,579.8,,1012.458333,579.8,,2712.944444,579.8,,1050.05,579.8,,1022.155556,579.8,,1342.305556,579.8,,1196.655556,579.8,,1067.908333
580.6,,1114.583333,580.6,,1019.458333,580.6,,2636.555556,580.6,,1072.161111,580.6,,1056.155556,580.6,,1382.472222,580.6,,1195.988889,580.6,,1070.241667
581.4,,1122.527778,581.4,,1024.958333,581.4,,2648.611111,581.4,,1064.272222,581.4,,1049.266667,581.4,,1460.527778,581.4,,1200.988889,581.4,,1067.741667
582.2,,1120.805556,582.2,,1025.958333,582.2,,2722,582.2,,1078.05,582.2,,1047.377778,582.2,,1669.416667,582.2,,1217.766667,582.2,,1087.408333
583,,1099.416667,583,,1018.680556,583,,2791.722222,583,,1071.494444,583,,1012.322222,583,,2292.583333,583,,1195.155556,583,,1089.186111
583.8,,1104.305556,583.8,,1019.347222,583.8,,2821.833333,583.8,,1138.272222,583.8,,1013.266667,583.8,,3899.916667,583.8,,1193.377778,583.8,,1108.019444
584.6,,1092.138889,584.6,,1010.180556,584.6,,2766.666667,584.6,,1208.883333,584.6,,1014.933333,584.6,,5075.527778,584.6,,1165.155556,584.6,,1074.075
585.4,,1092.25,585.4,,1011.180556,585.4,,2658.166667,585.4,,1279.55,585.4,,1016.988889,585.4,,5085.916667,585.4,,1170.1,585.4,,1083.130556
586.2,,1077.805556,586.2,,1026.736111,586.2,,2557.666667,586.2,,1356.883333,586.2,,1016.822222,586.2,,3832.194444,586.2,,1141.655556,586.2,,1084.575
587,,1071.361111,587,,1022.180556,587,,2562.555556,587,,1415.605556,587,,1009.488889,587,,2720.305556,587,,1176.044444,587,,1108.963889
587.7,,1073.805556,587.7,,1034.625,587.7,,2638.5,587.7,,1404.827778,587.7,,1019.155556,587.7,,2217.694444,587.7,,1205.655556,587.7,,1120.075
588.5,,1077.638889,588.5,,1020.902778,588.5,,2711.5,588.5,,1316.55,588.5,,1021.6,588.5,,1868.472222,588.5,,1236.711111,588.5,,1131.741667
589.3,,1124.194444,589.3,,1028.569444,589.3,,2720.555556,589.3,,1225.772222,589.3,,1026.655556,589.3,,1648.305556,589.3,,1214.155556,589.3,,1151.352778
590,,1101.694444,590,,1011.513889,590,,2625.222222,590,,1183.55,590,,1013.544444,590,,1510.472222,590,,1203.933333,590,,1161.075
590.8,,1087.361111,590.8,,1006.958333,590.8,,2478.833333,590.8,,1116.716667,590.8,,1010.433333,590.8,,1454.25,590.8,,1194.211111,590.8,,1160.908333
591.5,,1049.361111,591.5,,1005.236111,591.5,,2372.333333,591.5,,1085.383333,591.5,,1013.1,591.5,,1405.75,591.5,,1205.044444,591.5,,1154.963889
592.3,,1053.583333,592.3,,1013.125,592.3,,2388.277778,592.3,,1052.272222,592.3,,1026.155556,592.3,,1417.583333,592.3,,1190.155556,592.3,,1125.352778
593,,1064.027778,593,,1012.569444,593,,2448.166667,593,,1074.661111,593,,1030.877778,593,,1526.527778,593,,1179.377778,593,,1131.186111
593.8,,1073.138889,593.8,,1005.069444,593.8,,2497.5,593.8,,1062.438889,593.8,,1022.766667,593.8,,1658.805556,593.8,,1145.988889,593.8,,1112.630556
594.5,,1069.083333,594.5,,1002.958333,594.5,,2492,594.5,,1081.161111,594.5,,1005.6,594.5,,1687.583333,594.5,,1158.155556,594.5,,1118.630556
595.3,,1054.916667,595.3,,1018.625,595.3,,2416.055556,595.3,,1071.938889,595.3,,1001.211111,595.3,,1585.527778,595.3,,1165.377778,595.3,,1086.186111
596,,1046.138889,596,,1023.013889,596,,2287.166667,596,,1100.827778,596,,998.3777778,596,,1463.638889,596,,1198.322222,596,,1100.019444
596.8,,1058.25,596.8,,1035.013889,596.8,,2161.666667,596.8,,1082.05,596.8,,1000.322222,596.8,,1419.583333,596.8,,1192.488889,596.8,,1125.297222
597.5,,1070.638889,597.5,,1020.958333,597.5,,2143.277778,597.5,,1080.827778,597.5,,1001.822222,597.5,,1392.194444,597.5,,1188.988889,597.5,,1134.741667
598.3,,1069.027778,598.3,,1029.180556,598.3,,2188.944444,598.3,,1067.55,598.3,,1019.433333,598.3,,1372.361111,598.3,,1197.044444,598.3,,1125.519444
599,,1063.75,599,,1013.347222,599,,2245.055556,599,,1057.772222,599,,1029.544444,599,,1343.194444,599,,1225.711111,599,,1093.797222
599.8,,1080.638889,599.8,,1012.291667,599.8,,2251.166667,599.8,,1064.105556,599.8,,1034.155556,599.8,,1346.861111,599.8,,1249.988889,599.8,,1099.575
600.5,,1102.805556,600.5,,1002.402778,600.5,,2189.111111,600.5,,1052.938889,600.5,,1021.433333,600.5,,1344.638889,600.5,,1258.266667,600.5,,1107.463889
601.3,,1109.361111,601.3,,1005.736111,601.3,,2070.722222,601.3,,1062.383333,601.3,,1016.766667,601.3,,1372.027778,601.3,,1255.6,601.3,,1133.186111
602,,1106.972222,602,,1017.791667,602,,1950.666667,602,,1049.272222,602,,1007.322222,602,,1387.694444,602,,1252.711111,602,,1176.797222
602.8,,1073.527778,602.8,,1017.180556,602.8,,1900.333333,602.8,,1032.716667,602.8,,1005.544444,602.8,,1400.138889,602.8,,1266.044444,602.8,,1215.352778
603.5,,1062.861111,603.5,,1015.236111,603.5,,1917.111111,603.5,,1033.494444,603.5,,1016.377778,603.5,,1385.138889,603.5,,1268.822222,603.5,,1253.963889
604.3,,1065.027778,604.3,,1003.847222,604.3,,1930.944444,604.3,,1030.161111,604.3,,1023.488889,604.3,,1370.638889,604.3,,1277.655556,604.3,,1264.241667
605,,1091.916667,605,,1008.180556,605,,1925.722222,605,,1030.994444,605,,1040.044444,605,,1411.916667,605,,1276.544444,605,,1233.186111
605.8,,1099.805556,605.8,,1009.791667,605.8,,1883.722222,605.8,,1017.494444,605.8,,1037.155556,605.8,,1524.083333,605.8,,1292.433333,605.8,,1189.797222
606.5,,1085.972222,606.5,,1004.125,606.5,,1800.611111,606.5,,1017.55,606.5,,1029.933333,606.5,,1735.472222,606.5,,1303.266667,606.5,,1141.352778
607.3,,1057.083333,607.3,,996.2916667,607.3,,1689.222222,607.3,,1015.105556,607.3,,1011.433333,607.3,,1871.138889,607.3,,1294.988889,607.3,,1111.075
608,,1063.805556,608,,1001.791667,608,,1584.944444,608,,1014.272222,608,,996.4888889,608,,2030.194444,608,,1265.211111,608,,1077.019444
608.8,,1053.25,608.8,,1009.902778,608.8,,1545.833333,608.8,,1024.883333,608.8,,1005.544444,608.8,,2143.75,608.8,,1225.322222,608.8,,1104.352778
609.5,,1076.805556,609.5,,1014.458333,609.5,,1531.555556,609.5,,1026.383333,609.5,,1014.488889,609.5,,2125.027778,609.5,,1194.933333,609.5,,1118.686111
610.3,,1041.416667,610.3,,1011.458333,610.3,,1527.111111,610.3,,1034.272222,610.3,,1016.6,610.3,,1902.75,610.3,,1191.433333,610.3,,1138.408333
611,,1070.194444,611,,1010.236111,611,,1513.166667,611,,1035.772222,611,,1012.155556,611,,1615.361111,611,,1197.044444,611,,1094.519444
611.8,,1082.305556,611.8,,1012.847222,611.8,,1496.055556,611.8,,1031.883333,611.8,,1017.877778,611.8,,1555.25,611.8,,1216.211111,611.8,,1073.852778
612.5,,1091.305556,612.5,,1012.902778,612.5,,1479.888889,612.5,,1018.438889,612.5,,1021.1,612.5,,1853.916667,612.5,,1199.266667,612.5,,1102.408333
613.3,,1083.361111,613.3,,1009.125,613.3,,1473.888889,613.3,,1016.661111,613.3,,1031.266667,613.3,,2411.583333,613.3,,1173.822222,613.3,,1106.741667
614,,1073.75,614,,1022.069444,614,,1473.555556,614,,1036.55,614,,1019.322222,614,,2742.361111,614,,1156.766667,614,,1153.075
614.8,,1092.638889,614.8,,1017.791667,614.8,,1486.777778,614.8,,1065.438889,614.8,,1022.266667,614.8,,2578.861111,614.8,,1130.822222,614.8,,1138.241667
615.5,,1089.916667,615.5,,1019.680556,615.5,,1493.944444,615.5,,1067.438889,615.5,,1007.211111,615.5,,2098.083333,615.5,,1118.266667,615.5,,1163.352778
616.3,,1079.472222,616.3,,1003.513889,616.3,,1500.611111,616.3,,1056.661111,616.3,,1015.544444,616.3,,1698.138889,616.3,,1123.933333,616.3,,1124.408333
617,,1058.916667,617,,1005.069444,617,,1481.111111,617,,1050.827778,617,,1006.766667,617,,1516.694444,617,,1145.433333,617,,1105.186111
617.8,,1060.694444,617.8,,1001.958333,617.8,,1469.388889,617.8,,1036.161111,617.8,,1011.488889,617.8,,1383.972222,617.8,,1170.711111,617.8,,1083.630556
618.5,,1067.25,618.5,,1005.513889,618.5,,1440.611111,618.5,,1045.994444,618.5,,999.7111111,618.5,,1331.416667,618.5,,1130.1,618.5,,1060.519444
619.3,,1078.027778,619.3,,1007.680556,619.3,,1451.722222,619.3,,1036.383333,619.3,,1011.488889,619.3,,1300.305556,619.3,,1097.655556,619.3,,1041.797222
620,,1069.972222,620,,1014.902778,620,,1458.944444,620,,1030.438889,620,,1020.655556,620,,1300.416667,620,,1072.933333,620,,1020.075
620.8,,1075.083333,620.8,,1024.236111,620.8,,1509.611111,620.8,,1022.661111,620.8,,1016.988889,620.8,,1312.805556,620.8,,1093.711111,620.8,,1052.630556
621.5,,1078.805556,621.5,,1019.458333,621.5,,1553.833333,621.5,,1013.216667,621.5,,1012.211111,621.5,,1325.416667,621.5,,1115.488889,621.5,,1075.463889
622.3,,1098.694444,622.3,,1012.458333,622.3,,1609.777778,622.3,,1018.661111,622.3,,1007.322222,622.3,,1324.138889,622.3,,1105.711111,622.3,,1096.908333
623,,1100.416667,623,,998.5694444,623,,1638.5,623,,1005.938889,623,,1006.877778,623,,1293.861111,623,,1098.6,623,,1078.686111
623.8,,1105.25,623.8,,1003.013889,623.8,,1639.222222,623.8,,1010.883333,623.8,,1013.877778,623.8,,1286.75,623.8,,1074.433333,623.8,,1054.075
624.5,,1095.583333,624.5,,1018.680556,624.5,,1608.555556,624.5,,1021.438889,624.5,,1005.6,624.5,,1312.305556,624.5,,1112.822222,624.5,,1042.352778
625.3,,1114.75,625.3,,1035.180556,625.3,,1575.277778,625.3,,1035.216667,625.3,,1016.266667,625.3,,1383.527778,625.3,,1107.266667,625.3,,1051.575
626.1,,1116.416667,626.1,,1031.125,626.1,,1546.388889,626.1,,1028.494444,626.1,,1002.377778,626.1,,1470.083333,626.1,,1145.488889,626.1,,1055.630556
626.8,,1117.972222,626.8,,1017.680556,626.8,,1554.222222,626.8,,1039.716667,626.8,,1004.711111,626.8,,1480.75,626.8,,1102.933333,626.8,,1054.241667
627.6,,1107.916667,627.6,,1005.347222,627.6,,1588.5,627.6,,1036.827778,627.6,,1004.266667,627.6,,1438.416667,627.6,,1136.433333,627.6,,1054.519444
628.3,,1129.583333,628.3,,1006.847222,628.3,,1668.833333,628.3,,1048.772222,628.3,,1016.266667,628.3,,1364.805556,628.3,,1106.655556,628.3,,1074.241667
629.1,,1160.027778,629.1,,1006.680556,629.1,,1743.722222,629.1,,1022.938889,629.1,,1021.822222,629.1,,1350.527778,629.1,,1148.544444,629.1,,1074.130556
629.8,,1170.027778,629.8,,1006.236111,629.8,,1793.833333,629.8,,1018.383333,629.8,,1017.988889,629.8,,1359.638889,629.8,,1123.711111,629.8,,1065.797222
630.6,,1159.305556,630.6,,1007.458333,630.6,,1803.055556,630.6,,1016.772222,630.6,,1011.877778,630.6,,1366.472222,630.6,,1127.877778,630.6,,1049.408333
631.3,,1117.805556,631.3,,1005.680556,631.3,,1762.777778,631.3,,1028.327778,631.3,,1004.655556,631.3,,1382.861111,631.3,,1088.044444,631.3,,1039.352778
632.1,,1119.916667,632.1,,1006.291667,632.1,,1699.444444,632.1,,1032.383333,632.1,,1002.711111,632.1,,1444.638889,632.1,,1093.933333,632.1,,1022.575
632.8,,1140.583333,632.8,,1017.569444,632.8,,1644.833333,632.8,,1031.938889,632.8,,1000.488889,632.8,,1527.805556,632.8,,1085.1,632.8,,1029.186111
633.6,,1159.861111,633.6,,1019.625,633.6,,1637,633.6,,1029.438889,633.6,,997.7666667,633.6,,1541.916667,633.6,,1095.877778,633.6,,1026.519444
634.3,,1151.527778,634.3,,1013.569444,634.3,,1695.111111,634.3,,1026.05,634.3,,1000.433333,634.3,,1474.805556,634.3,,1068.877778,634.3,,1039.297222
635.1,,1144.861111,635.1,,1004.180556,635.1,,1795.833333,635.1,,1030.272222,635.1,,997.8222222,635.1,,1386.361111,635.1,,1089.433333,635.1,,1040.741667
635.8,,1181.472222,635.8,,1001.236111,635.8,,1918.166667,635.8,,1023.383333,635.8,,1003.711111,635.8,,1371.25,635.8,,1075.822222,635.8,,1065.908333
636.6,,1225.305556,636.6,,1003.791667,636.6,,2018.611111,636.6,,1022.327778,636.6,,1022.266667,636.6,,1474.194444,636.6,,1112.1,636.6,,1080.408333
637.3,,1250.583333,637.3,,994.5138889,637.3,,2073.055556,637.3,,1020.55,637.3,,1023.6,637.3,,1673.805556,637.3,,1086.544444,637.3,,1082.297222
638.1,,1249.916667,638.1,,1000.513889,638.1,,2078.444444,638.1,,1034.994444,638.1,,1050.211111,638.1,,1999.25,638.1,,1116.211111,638.1,,1119.019444
638.8,,1232.138889,638.8,,997.9027778,638.8,,2021.611111,638.8,,1032.605556,638.8,,1025.655556,638.8,,2401.138889,638.8,,1106.155556,638.8,,1117.797222
639.6,,1238.25,639.6,,1003.458333,639.6,,1932.166667,639.6,,1034.605556,639.6,,1030.655556,639.6,,2795.027778,639.6,,1122.822222,639.6,,1144.852778
640.3,,1253.416667,640.3,,997.625,640.3,,1856.444444,640.3,,1017.605556,640.3,,1006.1,640.3,,2758.861111,640.3,,1120.988889,640.3,,1119.297222
641.1,,1274.583333,641.1,,1000.125,641.1,,1841.944444,641.1,,1014.938889,641.1,,1009.433333,641.1,,2325.472222,641.1,,1094.766667,641.1,,1118.963889
641.8,,1292.416667,641.8,,1004.291667,641.8,,1945.055556,641.8,,1007.494444,641.8,,1019.988889,641.8,,1766.527778,641.8,,1114.266667,641.8,,1128.963889
642.6,,1295.916667,642.6,,1006.458333,642.6,,2117.888889,642.6,,1023.438889,642.6,,1015.877778,642.6,,1447.583333,642.6,,1113.433333,642.6,,1103.852778
643.3,,1306.638889,643.3,,1003.847222,643.3,,2328.777778,643.3,,1026.494444,643.3,,1021.044444,643.3,,1366.638889,643.3,,1164.044444,643.3,,1100.186111
644.1,,1319.472222,644.1,,999.625,644.1,,2474.666667,644.1,,1024.05,644.1,,1004.155556,644.1,,1318.416667,644.1,,1130.488889,644.1,,1060.908333
644.8,,1343.75,644.8,,1012.625,644.8,,2543.333333,644.8,,1013.605556,644.8,,1001.322222,644.8,,1316.25,644.8,,1110.6,644.8,,1054.908333
645.6,,1362.027778,645.6,,1015.402778,645.6,,2532.555556,645.6,,1014.716667,645.6,,994.4888889,645.6,,1312.138889,645.6,,1094.1,645.6,,1059.019444
646.3,,1381.194444,646.3,,1021.847222,646.3,,2435.944444,646.3,,1035.883333,646.3,,1016.766667,646.3,,1318.583333,646.3,,1118.6,646.3,,1057.075
647.1,,1413.416667,647.1,,1026.013889,647.1,,2288,647.1,,1033.716667,647.1,,1023.988889,647.1,,1312.083333,647.1,,1135.822222,647.1,,1075.297222
647.8,,1450.972222,647.8,,1034.625,647.8,,2152.166667,647.8,,1030.216667,647.8,,1025.711111,647.8,,1335.305556,647.8,,1127.1,647.8,,1062.408333
648.6,,1503.361111,648.6,,1031.347222,648.6,,2137.055556,648.6,,1010.605556,648.6,,1011.433333,648.6,,1433.527778,648.6,,1115.322222,648.6,,1048.575
649.3,,1574.861111,649.3,,1012.847222,649.3,,2272.666667,649.3,,1004.55,649.3,,1011.488889,649.3,,1663.75,649.3,,1117.655556,649.3,,1038.297222
650.1,,1689.25,650.1,,1031.180556,650.1,,2498.888889,650.1,,1018.383333,650.1,,1013.044444,650.1,,1889.527778,650.1,,1125.988889,650.1,,1049.797222
650.8,,1896.527778,650.8,,1032.625,650.8,,2725.111111,650.8,,1017.494444,650.8,,1002.377778,650.8,,1937.194444,650.8,,1118.1,650.8,,1068.019444
651.6,,2250.972222,651.6,,1042.458333,651.6,,2885.944444,651.6,,1023.494444,651.6,,1012.044444,651.6,,1776.416667,651.6,,1147.1,651.6,,1065.686111
652.3,,2908.527778,652.3,,1021.902778,652.3,,2962,652.3,,1028.55,652.3,,1014.711111,652.3,,1563.75,652.3,,1160.155556,652.3,,1043.463889
653.1,,4354.25,653.1,,1021.958333,653.1,,2959.277778,653.1,,1017.827778,653.1,,1014.988889,653.1,,1448.305556,653.1,,1192.711111,653.1,,1041.408333
653.8,,7408.972222,653.8,,1015.180556,653.8,,2853.722222,653.8,,1046.383333,653.8,,1004.711111,653.8,,1388.75,653.8,,1188.044444,653.8,,1041.908333
654.6,,13256.63889,654.6,,1006.402778,654.6,,2684.888889,654.6,,1030.994444,654.6,,1009.377778,654.6,,1354.527778,654.6,,1158.988889,654.6,,1062.963889
655.3,,21025.91667,655.3,,1003.347222,655.3,,2508.5,655.3,,1041.938889,655.3,,1010.822222,655.3,,1314.75,655.3,,1128.155556,655.3,,1050.019444
656.1,,24116.02778,656.1,,1004.736111,656.1,,2441,656.1,,1011.438889,656.1,,1008.211111,656.1,,1299.305556,656.1,,1105.655556,656.1,,1073.630556
656.8,,20249.08333,656.8,,1012.736111,656.8,,2528.277778,656.8,,1008.383333,656.8,,996.2666667,656.8,,1291.916667,656.8,,1110.266667,656.8,,1049.352778
657.6,,12011.69444,657.6,,1007.736111,657.6,,2758.666667,657.6,,1010.661111,657.6,,1013.044444,657.6,,1309.861111,657.6,,1137.933333,657.6,,1064.630556
658.3,,6098.583333,658.3,,1003.680556,658.3,,3047.666667,658.3,,1009.161111,658.3,,1008.877778,658.3,,1364.916667,658.3,,1150.711111,658.3,,1031.019444
659.1,,3747.805556,659.1,,998.1805556,659.1,,3292.722222,659.1,,1012.661111,659.1,,1011.322222,659.1,,1414.694444,659.1,,1167.988889,659.1,,1027.963889
659.8,,2761.083333,659.8,,1000.180556,659.8,,3437.555556,659.8,,1005.661111,659.8,,994.9888889,659.8,,1431.027778,659.8,,1167.933333,659.8,,1026.797222
660.6,,2240.416667,660.6,,1015.236111,660.6,,3480.388889,660.6,,1011.55,660.6,,1005.322222,660.6,,1394.916667,660.6,,1141.988889,660.6,,1069.741667
661.3,,1905.361111,661.3,,1018.513889,661.3,,3415.111111,661.3,,1009.438889,661.3,,1004.488889,661.3,,1338.138889,661.3,,1119.655556,661.3,,1094.908333
662.1,,1724.305556,662.1,,1030.347222,662.1,,3215.444444,662.1,,1034.827778,662.1,,1016.766667,662.1,,1300.027778,662.1,,1128.6,662.1,,1092.797222
662.9,,1610.638889,662.9,,1018.680556,662.9,,2938.222222,662.9,,1043.55,662.9,,1008.766667,662.9,,1275.527778,662.9,,1140.211111,662.9,,1057.686111
663.6,,1537.638889,663.6,,1028.180556,663.6,,2701.888889,663.6,,1048.494444,663.6,,1010.933333,663.6,,1257.916667,663.6,,1110.766667,663.6,,1033.963889
664.4,,1476.583333,664.4,,1017.958333,664.4,,2620.333333,664.4,,1065.438889,664.4,,1014.266667,664.4,,1258.638889,664.4,,1085.933333,664.4,,1049.575
665.1,,1429.916667,665.1,,1012.958333,665.1,,2681.777778,665.1,,1117.216667,665.1,,1015.711111,665.1,,1289.527778,665.1,,1052.6,665.1,,1064.908333
665.9,,1396.25,665.9,,1016.236111,665.9,,2833.722222,665.9,,1190.05,665.9,,1020.377778,665.9,,1381.527778,665.9,,1078.044444,665.9,,1104.741667
666.6,,1371.861111,666.6,,1006.180556,666.6,,2979.055556,666.6,,1250.883333,666.6,,1005.377778,666.6,,1533.027778,666.6,,1067.433333,666.6,,1120.130556
667.4,,1360.027778,667.4,,1007.291667,667.4,,3066.111111,667.4,,1290.494444,667.4,,1002.6,667.4,,1625.805556,667.4,,1073.322222,667.4,,1122.519444
668.1,,1353.25,668.1,,993.0694444,668.1,,3096.444444,668.1,,1272.383333,668.1,,1000.211111,668.1,,1631.972222,668.1,,1095.155556,668.1,,1105.686111
668.9,,1338.472222,668.9,,1006.458333,668.9,,3047.333333,668.9,,1208.272222,668.9,,1005.266667,668.9,,1537.416667,668.9,,1098.322222,668.9,,1133.963889
669.6,,1305.416667,669.6,,1009.236111,669.6,,2901,669.6,,1130.05,669.6,,1021.155556,669.6,,1454.583333,669.6,,1123.822222,669.6,,1112.186111
670.4,,1291.416667,670.4,,1012.013889,670.4,,2639.666667,670.4,,1079.216667,670.4,,1021.877778,670.4,,1422.972222,670.4,,1111.433333,670.4,,1118.075
671.2,,1275.75,671.2,,1004.625,671.2,,2346.166667,671.2,,1040.272222,671.2,,1016.822222,671.2,,1405.305556,671.2,,1106.711111,671.2,,1083.019444
671.9,,1279.25,671.9,,1003.569444,671.9,,2105.611111,671.9,,1037.272222,671.9,,1020.044444,671.9,,1387.75,671.9,,1097.711111,671.9,,1123.741667
672.7,,1266.138889,672.7,,1008.736111,672.7,,1968.333333,672.7,,1035.161111,672.7,,1031.488889,672.7,,1353.027778,672.7,,1075.044444,672.7,,1131.186111
673.4,,1254.361111,673.4,,1014.625,673.4,,1942.166667,673.4,,1046.716667,673.4,,1026.544444,673.4,,1310.638889,673.4,,1067.044444,673.4,,1155.575
674.2,,1228.194444,674.2,,1013.180556,674.2,,1975.5,674.2,,1026.883333,674.2,,1014.766667,674.2,,1258.194444,674.2,,1067.322222,674.2,,1174.130556
674.9,,1216.416667,674.9,,1007.625,674.9,,2033.222222,674.9,,1032.161111,674.9,,1008.044444,674.9,,1215.416667,674.9,,1057.211111,674.9,,1189.019444
675.7,,1214.916667,675.7,,1021.736111,675.7,,2062.888889,675.7,,1018.661111,675.7,,1015.266667,675.7,,1172.916667,675.7,,1069.377778,675.7,,1178.463889
676.5,,1211.583333,676.5,,1020.458333,676.5,,2050.166667,676.5,,1029.216667,676.5,,1011.6,676.5,,1180.305556,676.5,,1087.711111,676.5,,1141.575
677.2,,1207.027778,677.2,,1032.013889,677.2,,1985.777778,677.2,,1017.827778,677.2,,1010.822222,677.2,,1148.583333,677.2,,1108.1,677.2,,1123.352778
678,,1171.75,678,,1016.013889,678,,1884.555556,678,,1033.938889,678,,1009.711111,678,,1134.972222,678,,1100.822222,678,,1103.741667
678.7,,1182.75,678.7,,1022.180556,678.7,,1774.944444,678.7,,1045.105556,678.7,,1007.1,678.7,,1127.638889,678.7,,1059.711111,678.7,,1114.963889
679.5,,1152.638889,679.5,,1017.458333,679.5,,1657.388889,679.5,,1045.05,679.5,,998.4333333,679.5,,1113.638889,679.5,,1039.6,679.5,,1118.575
680.2,,1165.194444,680.2,,1021.069444,680.2,,1559.888889,680.2,,1030.438889,680.2,,1001.488889,680.2,,1118.916667,680.2,,1034.822222,680.2,,1114.519444
681,,1151.416667,681,,1022.347222,681,,1496.888889,681,,1004.883333,681,,1005.044444,681,,1097.805556,681,,1042.933333,681,,1089.852778
681.8,,1142.75,681.8,,1014.847222,681.8,,1458.388889,681.8,,1004.216667,681.8,,1009.155556,681.8,,1096.861111,681.8,,1054.377778,681.8,,1091.130556
682.5,,1133.472222,682.5,,1019.291667,682.5,,1431.666667,682.5,,1006.605556,682.5,,1010.322222,682.5,,1112.361111,682.5,,1064.488889,682.5,,1101.575
683.3,,1119.416667,683.3,,1010.680556,683.3,,1413.611111,683.3,,1019.883333,683.3,,1021.488889,683.3,,1103.805556,683.3,,1069.322222,683.3,,1101.352778
684,,1139.583333,684,,1006.625,684,,1412.111111,684,,1032.994444,684,,1020.544444,684,,1141.138889,684,,1082.544444,684,,1103.130556
684.8,,1138.027778,684.8,,1001.347222,684.8,,1427,684.8,,1035.494444,684.8,,1016.6,684.8,,1141.861111,684.8,,1076.155556,684.8,,1125.741667
685.5,,1125.25,685.5,,1015.847222,685.5,,1419.444444,685.5,,1025.494444,685.5,,1004.766667,685.5,,1163.194444,685.5,,1073.655556,685.5,,1152.963889
686.3,,1102.805556,686.3,,1016.069444,686.3,,1399.277778,686.3,,1011.605556,686.3,,998.2666667,686.3,,1139.75,686.3,,1048.877778,686.3,,1171.963889
687.1,,1098.416667,687.1,,1007.847222,687.1,,1360.944444,687.1,,1017.55,687.1,,1001.266667,687.1,,1146.916667,687.1,,1062.822222,687.1,,1153.797222
687.8,,1100.361111,687.8,,991.4583333,687.8,,1328.833333,687.8,,1018.161111,687.8,,1003.711111,687.8,,1137.75,687.8,,1071.877778,687.8,,1171.352778
688.6,,1099.583333,688.6,,990.0138889,688.6,,1308.277778,688.6,,1018.272222,688.6,,1013.266667,688.6,,1171.361111,688.6,,1066.933333,688.6,,1176.519444
689.3,,1076.416667,689.3,,996.125,689.3,,1296.111111,689.3,,1013.05,689.3,,1011.488889,689.3,,1171.361111,689.3,,1039.211111,689.3,,1175.908333
690.1,,1071.916667,690.1,,1009.347222,690.1,,1282.833333,690.1,,1004.327778,690.1,,1010.544444,690.1,,1215.805556,690.1,,1026.877778,690.1,,1181.686111
690.8,,1079.361111,690.8,,1017.347222,690.8,,1259.111111,690.8,,1017.938889,690.8,,1010.711111,690.8,,1265.638889,690.8,,1038.6,690.8,,1158.463889
691.6,,1078.027778,691.6,,1025.513889,691.6,,1220.5,691.6,,1018.05,691.6,,1015.377778,691.6,,1347.416667,691.6,,1038.433333,691.6,,1192.019444
692.4,,1082.416667,692.4,,1017.569444,692.4,,1218.944444,692.4,,1024.383333,692.4,,1009.877778,692.4,,1388.972222,692.4,,1033.655556,692.4,,1194.241667
693.1,,1059.416667,693.1,,1013.958333,693.1,,1202.055556,693.1,,1010.994444,693.1,,1002.488889,693.1,,1382.527778,693.1,,1032.044444,693.1,,1242.852778
693.9,,1080.416667,693.9,,1020.402778,693.9,,1214.111111,693.9,,1006.105556,693.9,,1001.933333,693.9,,1333.416667,693.9,,1032.266667,693.9,,1273.075
694.6,,1089.361111,694.6,,1018.236111,694.6,,1186.277778,694.6,,1001.716667,694.6,,1007.211111,694.6,,1297.694444,694.6,,1047.877778,694.6,,1328.130556
695.4,,1092.138889,695.4,,1019.180556,695.4,,1206.611111,695.4,,1012.772222,695.4,,1028.544444,695.4,,1268.694444,695.4,,1042.6,695.4,,1441.297222
696.1,,1074.972222,696.1,,1000.569444,696.1,,1217.111111,696.1,,1010.994444,696.1,,1026.211111,696.1,,1244.694444,696.1,,1033.933333,696.1,,1513.963889
696.9,,1060.305556,696.9,,1006.680556,696.9,,1217.277778,696.9,,1031.772222,696.9,,1026.266667,696.9,,1211.638889,696.9,,1026.155556,696.9,,1519.519444
697.7,,1048.138889,697.7,,1002.458333,697.7,,1194.611111,697.7,,1023.938889,697.7,,1007.711111,697.7,,1197.805556,697.7,,1021.044444,697.7,,1439.186111
698.4,,1032.361111,698.4,,1009.180556,698.4,,1186.222222,698.4,,1022.938889,698.4,,1013.6,698.4,,1158.472222,698.4,,1024.877778,698.4,,1367.186111
699.2,,1023.361111,699.2,,1003.958333,699.2,,1200.222222,699.2,,1013.327778,699.2,,1028.044444,699.2,,1162.138889,699.2,,1011.933333,699.2,,1347.019444
699.9,,1024.916667,699.9,,1011.458333,699.9,,1209.166667,699.9,,1026.161111,699.9,,1028.655556,699.9,,1171.638889,699.9,,1039.377778,699.9,,1316.186111
700.7,,1028.416667,700.7,,1011.680556,700.7,,1221.277778,700.7,,1043.772222,700.7,,1033.322222,700.7,,1233.416667,700.7,,1054.766667,700.7,,1297.741667
701.4,,1040.25,701.4,,1015.125,701.4,,1200.555556,701.4,,1038.272222,701.4,,1018.711111,701.4,,1274.638889,701.4,,1070.544444,701.4,,1280.075
702.2,,1048.638889,702.2,,1023.958333,702.2,,1221.5,702.2,,1029.272222,702.2,,1040.711111,702.2,,1317.416667,702.2,,1057.877778,702.2,,1283.797222
703,,1048.583333,703,,1019.736111,703,,1207,703,,1081.55,703,,1027.044444,703,,1327.083333,703,,1056.377778,703,,1292.963889
703.7,,1035.25,703.7,,1016.791667,703.7,,1227.888889,703.7,,1138.216667,703.7,,1026.155556,703.7,,1319.805556,703.7,,1045.155556,703.7,,1306.908333
704.5,,1034.472222,704.5,,1019.236111,704.5,,1226.722222,704.5,,1206.716667,704.5,,1006.433333,704.5,,1276.75,704.5,,1045.6,704.5,,1323.963889
705.2,,1055.861111,705.2,,1017.402778,705.2,,1227.277778,705.2,,1227.438889,705.2,,1018.155556,705.2,,1254.305556,705.2,,1054.6,705.2,,1377.352778
706,,1042.527778,706,,1026.569444,706,,1211.388889,706,,1247.716667,706,,1029.655556,706,,1210.638889,706,,1043.322222,706,,1436.019444
706.8,,1037.083333,706.8,,1023.291667,706.8,,1192.833333,706.8,,1230.161111,706.8,,1027.822222,706.8,,1197.861111,706.8,,1052.044444,706.8,,1447.463889
707.5,,1017.805556,707.5,,1030.680556,707.5,,1190.777778,707.5,,1180.994444,707.5,,1020.211111,707.5,,1153.083333,707.5,,1043.822222,707.5,,1416.852778
708.3,,1022.861111,708.3,,1020.625,708.3,,1221.388889,708.3,,1131.216667,708.3,,1009.544444,708.3,,1130.638889,708.3,,1054.433333,708.3,,1371.352778
709.1,,1018.638889,709.1,,1020.291667,709.1,,1235.888889,709.1,,1091.438889,709.1,,1009.211111,709.1,,1087.194444,709.1,,1033.488889,709.1,,1353.963889
709.9,,1021.25,709.9,,1020.402778,709.9,,1248.611111,709.9,,1066.716667,709.9,,1003.377778,709.9,,1079.527778,709.9,,1050.933333,709.9,,1337.352778
710.7,,1029.305556,710.7,,1021.180556,710.7,,1246.333333,710.7,,1048.105556,710.7,,992.3777778,710.7,,1061.361111,710.7,,1051.433333,710.7,,1293.463889
711.5,,1030.083333,711.5,,1010.236111,711.5,,1243.444444,711.5,,1031.716667,711.5,,988.7666667,711.5,,1057.25,711.5,,1053.044444,711.5,,1269.797222
712.3,,1020.472222,712.3,,1006.125,712.3,,1233.555556,712.3,,1026.994444,712.3,,1001.322222,712.3,,1066.416667,712.3,,1017.766667,712.3,,1230.741667
713.1,,1021.972222,713.1,,1008.625,713.1,,1233,713.1,,1020.438889,713.1,,1009.155556,713.1,,1066.138889,713.1,,1022.822222,713.1,,1235.075
713.9,,1030.25,713.9,,1023.847222,713.9,,1240.555556,713.9,,1024.105556,713.9,,1011.155556,713.9,,1068.972222,713.9,,1031.266667,713.9,,1207.130556
714.7,,1047.083333,714.7,,1030.069444,714.7,,1262.5,714.7,,1021.105556,714.7,,1003.044444,714.7,,1051.361111,714.7,,1031.044444,714.7,,1185.908333
715.5,,1042.527778,715.5,,1024.847222,715.5,,1266.055556,715.5,,1017.272222,715.5,,995.7111111,715.5,,1041.083333,715.5,,1016.433333,715.5,,1143.297222
716.3,,1030.361111,716.3,,1020.847222,716.3,,1269.833333,716.3,,1015.216667,716.3,,1001.655556,716.3,,1055.083333,716.3,,1001.6,716.3,,1151.686111
717.1,,1044.583333,717.1,,1015.013889,717.1,,1253.444444,717.1,,1013.383333,717.1,,1001.766667,717.1,,1066.638889,717.1,,1015.6,717.1,,1159.019444
717.9,,1034.861111,717.9,,1022.125,717.9,,1257.5,717.9,,1009.216667,717.9,,1009.1,717.9,,1081.25,717.9,,1014.544444,717.9,,1173.575
718.7,,1050.027778,718.7,,1007.569444,718.7,,1259.611111,718.7,,1012.161111,718.7,,1016.433333,718.7,,1068.083333,718.7,,1031.655556,718.7,,1151.130556
719.5,,1029.972222,719.5,,1007.069444,719.5,,1263,719.5,,999.9388889,719.5,,1012.266667,719.5,,1053.138889,719.5,,1017.933333,719.5,,1115.852778
720.3,,1029.194444,720.3,,1007.347222,720.3,,1257.5,720.3,,996.55,720.3,,1009.822222,720.3,,1060.583333,720.3,,1022.988889,720.3,,1102.797222
721.1,,1013.527778,721.1,,1014.458333,721.1,,1262.277778,721.1,,991.3833333,721.1,,1001.211111,721.1,,1059.194444,721.1,,1007.322222,721.1,,1091.075
721.9,,997.6944444,721.9,,1030.291667,721.9,,1285.611111,721.9,,1002.05,721.9,,997.4333333,721.9,,1070.083333,721.9,,1014.877778,721.9,,1090.519444
722.7,,1002.361111,722.7,,1024.069444,722.7,,1310.166667,722.7,,1009.55,722.7,,1003.766667,722.7,,1075.083333,722.7,,1017.822222,722.7,,1115.130556
723.5,,1005.138889,723.5,,1036.236111,723.5,,1320.833333,723.5,,1008.161111,723.5,,998.6,723.5,,1067.916667,723.5,,1032.988889,723.5,,1117.797222
724.3,,1006.305556,724.3,,1022.291667,724.3,,1320,724.3,,1008.161111,724.3,,1001.377778,724.3,,1072.805556,724.3,,1031.211111,724.3,,1144.575
725.1,,1015.861111,725.1,,1024.680556,725.1,,1319.388889,725.1,,1012.05,725.1,,1023.155556,725.1,,1073.75,725.1,,1036.433333,725.1,,1131.963889
725.9,,1010.972222,725.9,,1008.736111,725.9,,1315.944444,725.9,,1013.216667,725.9,,1023.211111,725.9,,1096.361111,725.9,,1028.322222,725.9,,1166.463889
726.7,,1017.305556,726.7,,1005.680556,726.7,,1318.277778,726.7,,1008.994444,726.7,,1020.488889,726.7,,1071.083333,726.7,,1024.211111,726.7,,1193.408333
727.4,,1007.638889,727.4,,1016.736111,727.4,,1321.222222,727.4,,1009.55,727.4,,1023.711111,727.4,,1062.138889,727.4,,1009.877778,727.4,,1201.297222
728.2,,1007.472222,728.2,,1010.069444,728.2,,1300.333333,728.2,,1011.938889,728.2,,1024.6,728.2,,1044.75,728.2,,1003.266667,728.2,,1201.352778
729,,1001.972222,729,,1022.291667,729,,1307.5,729,,1014.605556,729,,1028.6,729,,1069.305556,729,,1004.1,729,,1197.852778
729.8,,1004.361111,729.8,,1036.958333,729.8,,1298.222222,729.8,,1042.438889,729.8,,1006.711111,729.8,,1054.027778,729.8,,1020.988889,729.8,,1201.186111
730.6,,1008.972222,730.6,,1044.625,730.6,,1317.111111,730.6,,1043.827778,730.6,,1008.211111,730.6,,1057.861111,730.6,,1016.877778,730.6,,1191.352778
731.4,,1011.527778,731.4,,1032.569444,731.4,,1307.333333,731.4,,1043.994444,731.4,,1006.1,731.4,,1028.694444,731.4,,1014.988889,731.4,,1167.963889
732.2,,1006.75,732.2,,1003.291667,732.2,,1311.388889,732.2,,1018.438889,732.2,,997.6,732.2,,1029.305556,732.2,,1004.155556,732.2,,1161.575
733,,1003.361111,733,,1002.791667,733,,1323,733,,1021.327778,733,,995.1,733,,1011.027778,733,,1020.988889,733,,1173.408333
733.8,,1007.027778,733.8,,1008.125,733.8,,1336.277778,733.8,,1033.994444,733.8,,1000.155556,733.8,,1013.583333,733.8,,1043.766667,733.8,,1204.075
734.6,,1009.694444,734.6,,1024.180556,734.6,,1345.5,734.6,,1048.716667,734.6,,1004.433333,734.6,,1010.472222,734.6,,1062.822222,734.6,,1244.463889
735.4,,1014.027778,735.4,,1020.736111,735.4,,1354.944444,735.4,,1036.272222,735.4,,1006.711111,735.4,,1023.083333,735.4,,1044.044444,735.4,,1267.852778
736.2,,1033.527778,736.2,,1017.013889,736.2,,1357.333333,736.2,,1032.438889,736.2,,1008.155556,736.2,,1021.805556,736.2,,1025.377778,736.2,,1290.630556
737,,1032.083333,737,,1003.125,737,,1372.5,737,,1020.216667,737,,1007.544444,737,,1034.083333,737,,1006.1,737,,1308.130556
737.8,,1022.027778,737.8,,1001.291667,737.8,,1376.166667,737.8,,1025.883333,737.8,,1007.711111,737.8,,1022.083333,737.8,,1021.822222,737.8,,1330.963889
738.6,,995.4722222,738.6,,998.9027778,738.6,,1377.5,738.6,,1022.161111,738.6,,1007.266667,738.6,,1035.694444,738.6,,1030.933333,738.6,,1356.519444
739.4,,990.25,739.4,,1010.569444,739.4,,1375.666667,739.4,,1013.327778,739.4,,1008.488889,739.4,,1025.916667,739.4,,1024.655556,739.4,,1386.686111
740.2,,1006.916667,740.2,,1026.180556,740.2,,1370,740.2,,1017.716667,740.2,,1004.988889,740.2,,1031.083333,740.2,,1027.544444,740.2,,1405.797222
741,,1020.805556,741,,1025.569444,741,,1388.333333,741,,1012.05,741,,998.3777778,741,,1020.472222,741,,1015.266667,741,,1419.297222
741.8,,1028.972222,741.8,,1019.680556,741.8,,1400.888889,741.8,,1011.161111,741.8,,1013.1,741.8,,1018.916667,741.8,,1031.988889,741.8,,1404.408333
742.6,,1017.305556,742.6,,1008.513889,742.6,,1406.333333,742.6,,1007.438889,742.6,,1013.6,742.6,,1028.416667,742.6,,1021.044444,742.6,,1396.963889
743.4,,1033.638889,743.4,,1008.180556,743.4,,1413.111111,743.4,,1007.438889,743.4,,1020.933333,743.4,,1039.583333,743.4,,1020.6,743.4,,1404.630556
744.2,,1022.916667,744.2,,999.9583333,744.2,,1423.555556,744.2,,1009.105556,744.2,,1012.933333,744.2,,1041.194444,744.2,,1012.322222,744.2,,1426.463889
745,,1024.638889,745,,999.9027778,745,,1456.555556,745,,1011.105556,745,,1019.322222,745,,1041.583333,745,,1014.322222,745,,1464.908333
745.8,,997.0833333,745.8,,1005.791667,745.8,,1477.055556,745.8,,1024.05,745.8,,1029.711111,745.8,,1026.638889,745.8,,1016.822222,745.8,,1536.963889
746.6,,1006.361111,746.6,,1004.958333,746.6,,1499.111111,746.6,,1047.661111,746.6,,1026.655556,746.6,,1027.583333,746.6,,1012.044444,746.6,,1701.019444
747.3,,1004.416667,747.3,,1005.680556,747.3,,1502.222222,747.3,,1043.938889,747.3,,1025.544444,747.3,,1025.416667,747.3,,1021.988889,747.3,,1941.408333
748.1,,1021.361111,748.1,,1007.625,748.1,,1517.611111,748.1,,1040.716667,748.1,,1012.1,748.1,,1048.75,748.1,,1026.711111,748.1,,2199.241667
748.9,,1015.583333,748.9,,1013.625,748.9,,1523.5,748.9,,1015.55,748.9,,1016.988889,748.9,,1043.861111,748.9,,1043.322222,748.9,,2447.352778
749.7,,1021.194444,749.7,,1003.347222,749.7,,1529.555556,749.7,,1014.05,749.7,,1016.6,749.7,,1058.972222,749.7,,1029.766667,749.7,,2754.352778
750.5,,998.6944444,750.5,,1001.902778,750.5,,1519.888889,750.5,,1005.216667,750.5,,1020.711111,750.5,,1048.527778,750.5,,1031.877778,750.5,,3128.463889
751.3,,999.4166667,751.3,,1009.736111,751.3,,1515.333333,751.3,,1001.438889,751.3,,1012.488889,751.3,,1047.75,751.3,,1027.877778,751.3,,3560.963889
752.1,,1000.861111,752.1,,1017.958333,752.1,,1524.277778,752.1,,1008.494444,752.1,,1010.766667,752.1,,1034.583333,752.1,,1028.488889,752.1,,3810.408333
752.9,,1009.972222,752.9,,1012.680556,752.9,,1523.388889,752.9,,1003.772222,752.9,,1010.822222,752.9,,1029.75,752.9,,1017.155556,752.9,,3870.963889
753.7,,1011.25,753.7,,1011.513889,753.7,,1528.833333,753.7,,1007.994444,753.7,,1013.988889,753.7,,1037.305556,753.7,,1029.6,753.7,,3670.075
754.5,,1004.972222,754.5,,1009.625,754.5,,1529.833333,754.5,,1005.105556,754.5,,1016.933333,754.5,,1055.083333,754.5,,1026.988889,754.5,,3440.519444
755.3,,1003.083333,755.3,,1009.291667,755.3,,1530,755.3,,1006.438889,755.3,,1013.544444,755.3,,1047.861111,755.3,,1029.822222,755.3,,3226.408333
756.1,,999.9722222,756.1,,1014.458333,756.1,,1539.888889,756.1,,1005.938889,756.1,,1006.211111,756.1,,1062.638889,756.1,,1009.211111,756.1,,3095.741667
756.9,,1000.805556,756.9,,1019.347222,756.9,,1551.777778,756.9,,1011.827778,756.9,,1004.711111,756.9,,1035.638889,756.9,,1014.322222,756.9,,2994.852778
757.7,,994.4722222,757.7,,1018.458333,757.7,,1565.555556,757.7,,1013.161111,757.7,,1018.322222,757.7,,1037.25,757.7,,1008.433333,757.7,,2903.963889
758.5,,999.6944444,758.5,,1016.902778,758.5,,1561.833333,758.5,,1018.05,758.5,,1017.544444,758.5,,1030.194444,758.5,,1006.711111,758.5,,2824.408333
759.3,,1012.472222,759.3,,1014.236111,759.3,,1560.722222,759.3,,1008.661111,759.3,,1019.6,759.3,,1039.25,759.3,,1002.655556,759.3,,2800.297222
760.1,,1017.083333,760.1,,1018.625,760.1,,1555.444444,760.1,,1006.605556,760.1,,1003.266667,760.1,,1040.25,760.1,,1008.822222,760.1,,2797.686111
760.9,,1014.916667,760.9,,1023.291667,760.9,,1550.666667,760.9,,1006.383333,760.9,,1047.488889,760.9,,1041.694444,760.9,,1002.044444,760.9,,2777.408333
761.7,,1003.138889,761.7,,1017.458333,761.7,,1526.444444,761.7,,1001.383333,761.7,,1046.655556,761.7,,1028.638889,761.7,,1013.766667,761.7,,2686.963889
762.5,,1011.861111,762.5,,1016.791667,762.5,,1519.722222,762.5,,1004.438889,762.5,,1066.266667,762.5,,1041.027778,762.5,,1012.433333,762.5,,2562.130556
763.3,,1019.25,763.3,,999.0138889,763.3,,1513.333333,763.3,,998.8277778,763.3,,1034.377778,763.3,,1049.916667,763.3,,1031.155556,763.3,,2521.408333
764.1,,1020.638889,764.1,,1005.347222,764.1,,1521.444444,764.1,,1019.272222,764.1,,1047.766667,764.1,,1050.305556,764.1,,1034.877778,764.1,,2527.130556
764.9,,1025.305556,764.9,,1003.791667,764.9,,1520.388889,764.9,,1014.827778,764.9,,1042.322222,764.9,,1038.583333,764.9,,1050.877778,764.9,,2540.852778
765.7,,1013.583333,765.7,,1005.291667,765.7,,1522.611111,765.7,,1012.994444,765.7,,1062.1,765.7,,1026.194444,765.7,,1035.766667,765.7,,2483.908333
766.5,,1036.027778,766.5,,1000.680556,766.5,,1524.944444,766.5,,1017.272222,766.5,,1060.877778,766.5,,1026.361111,766.5,,1022.377778,766.5,,2334.908333
767.2,,1020.583333,767.2,,1000.569444,767.2,,1534.777778,767.2,,1033.494444,767.2,,1062.488889,767.2,,1045.027778,767.2,,1005.155556,767.2,,2220.797222
768,,1023.638889,768,,995.4583333,768,,1541.388889,768,,1036.105556,768,,1034.488889,768,,1044.027778,768,,1001.211111,768,,2120.519444
768.8,,995.75,768.8,,995.7916667,768.8,,1548.555556,768.8,,1034.383333,768.8,,1032.877778,768.8,,1049.861111,768.8,,998.2666667,768.8,,2124.797222
769.6,,999.6388889,769.6,,991.7916667,769.6,,1543,769.6,,1020.827778,769.6,,1020.155556,769.6,,1045.805556,769.6,,1003.211111,769.6,,2109.241667
770.4,,1003.083333,770.4,,993.6805556,770.4,,1535.166667,770.4,,1027.55,770.4,,1032.988889,770.4,,1039.25,770.4,,1029.044444,770.4,,2079.463889
771.2,,1009.75,771.2,,999.8472222,771.2,,1526.166667,771.2,,1075.994444,771.2,,1019.877778,771.2,,1064.472222,771.2,,1029.211111,771.2,,2046.630556
772,,1007.25,772,,999.9583333,772,,1514.666667,772,,1158.383333,772,,1042.044444,772,,1129.083333,772,,1029.711111,772,,2031.852778
772.8,,1003.25,772.8,,1010.069444,772.8,,1491.5,772.8,,1218.161111,772.8,,1022.877778,772.8,,1199.805556,772.8,,1008.433333,772.8,,2003.741667
773.6,,1021.527778,773.6,,1003.736111,773.6,,1468.277778,773.6,,1233.383333,773.6,,1028.933333,773.6,,1241.805556,773.6,,1020.1,773.6,,1942.408333
774.4,,1024.25,774.4,,1020.347222,774.4,,1442.666667,774.4,,1231.105556,774.4,,1011.822222,774.4,,1250.805556,774.4,,1032.377778,774.4,,1864.908333
775.2,,1021.75,775.2,,1006.291667,775.2,,1423.277778,775.2,,1244.161111,775.2,,1016.211111,775.2,,1266.472222,775.2,,1034.377778,775.2,,1776.241667
776,,1010.305556,776,,1008.125,776,,1415.833333,776,,1230.216667,776,,1011.211111,776,,1271.138889,776,,1024.711111,776,,1677.241667
776.8,,1012.805556,776.8,,998.4027778,776.8,,1415.166667,776.8,,1224.772222,776.8,,1009.433333,776.8,,1268.805556,776.8,,1012.988889,776.8,,1585.575
777.6,,1020.138889,777.6,,1008.680556,777.6,,1408.388889,777.6,,1215.272222,777.6,,1005.211111,777.6,,1247.416667,777.6,,1019.933333,777.6,,1531.297222
778.4,,1009.416667,778.4,,1013.680556,778.4,,1394.888889,778.4,,1214.883333,778.4,,1006.877778,778.4,,1250.972222,778.4,,1023.822222,778.4,,1501.686111
779.2,,1003.861111,779.2,,1007.791667,779.2,,1368.388889,779.2,,1192.161111,779.2,,994.3777778,779.2,,1223.305556,779.2,,1022.044444,779.2,,1465.019444
780,,995.6388889,780,,1006.236111,780,,1361.277778,780,,1141.772222,780,,1013.877778,780,,1227.305556,780,,1024.044444,780,,1429.019444
780.8,,992.6388889,780.8,,994.5694444,780.8,,1352.777778,780.8,,1105.827778,780.8,,1014.988889,780.8,,1230.805556,780.8,,1034.766667,780.8,,1398.519444
781.6,,990.3611111,781.6,,996.0694444,781.6,,1363.888889,781.6,,1106.272222,781.6,,1024.044444,781.6,,1246.472222,781.6,,1032.377778,781.6,,1379.797222
782.4,,992.4722222,782.4,,990.9027778,782.4,,1352.722222,782.4,,1131.216667,782.4,,1011.488889,782.4,,1269.583333,782.4,,1028.044444,782.4,,1365.297222
783.2,,998.75,783.2,,997.4027778,783.2,,1339.888889,783.2,,1132.05,783.2,,1006.044444,783.2,,1263.138889,783.2,,1015.266667,783.2,,1355.408333
784,,999.9722222,784,,1004.847222,784,,1322.388889,784,,1110.05,784,,1002.488889,784,,1274.75,784,,1026.711111,784,,1344.963889
784.8,,1006.361111,784.8,,1020.902778,784.8,,1310.611111,784.8,,1108.883333,784.8,,999.1,784.8,,1248.861111,784.8,,1022.377778,784.8,,1338.352778
785.6,,1003.916667,785.6,,1021.125,785.6,,1300.5,785.6,,1094.327778,785.6,,1003.988889,785.6,,1210.75,785.6,,1018.488889,785.6,,1323.852778
786.4,,1001.638889,786.4,,1009.458333,786.4,,1288.888889,786.4,,1078.938889,786.4,,1007.266667,786.4,,1177.694444,786.4,,1012.1,786.4,,1313.297222
787.1,,1005.194444,787.1,,996.2916667,787.1,,1276.666667,787.1,,1037.772222,787.1,,1008.377778,787.1,,1164.805556,787.1,,1013.1,787.1,,1300.186111
787.9,,1005.027778,787.9,,997.3472222,787.9,,1261.388889,787.9,,1036.494444,787.9,,997.2111111,787.9,,1163.138889,787.9,,1015.711111,787.9,,1302.908333
788.7,,1008.75,788.7,,999.125,788.7,,1249.444444,788.7,,1025.383333,788.7,,999.1555556,788.7,,1147.194444,788.7,,1012.877778,788.7,,1305.019444
789.5,,1002.305556,789.5,,1011.847222,789.5,,1214.555556,789.5,,1028.161111,789.5,,1009.377778,789.5,,1128.75,789.5,,1023.988889,789.5,,1313.186111
790.3,,1005.694444,790.3,,1009.847222,790.3,,1197.611111,790.3,,1025.161111,790.3,,1011.266667,790.3,,1138.75,790.3,,1036.488889,790.3,,1311.130556
791.1,,1003.805556,791.1,,1015.791667,791.1,,1160.888889,791.1,,1032.661111,791.1,,1010.6,791.1,,1115.861111,791.1,,1035.655556,791.1,,1311.575
791.9,,998.75,791.9,,997.0694444,791.9,,1175.333333,791.9,,1021.716667,791.9,,996.0444444,791.9,,1085.75,791.9,,1020.933333,791.9,,1316.575
792.7,,994.8055556,792.7,,994.8472222,792.7,,1156.722222,792.7,,1012.383333,792.7,,1002.211111,792.7,,1053.694444,792.7,,1002.933333,792.7,,1314.352778
793.5,,1007.972222,793.5,,995.0138889,793.5,,1170.611111,793.5,,996.3833333,793.5,,1000.266667,793.5,,1050.361111,793.5,,1010.377778,793.5,,1321.408333
794.3,,1007.083333,794.3,,1001.791667,794.3,,1162.333333,794.3,,1002.772222,794.3,,1004.322222,794.3,,1050.972222,794.3,,1012.377778,794.3,,1318.019444
795.1,,1007.694444,795.1,,1018.013889,795.1,,1161.555556,795.1,,998.8277778,795.1,,998.2111111,795.1,,1070.75,795.1,,1018.655556,795.1,,1345.186111
795.9,,995.9166667,795.9,,1025.236111,795.9,,1163.166667,795.9,,1020.105556,795.9,,1013.155556,795.9,,1080.416667,795.9,,1009.322222,795.9,,1353.852778
796.7,,998.25,796.7,,1024.291667,796.7,,1141.444444,796.7,,1025.827778,796.7,,1013.988889,796.7,,1071.305556,796.7,,1017.433333,796.7,,1364.797222
797.5,,1006.416667,797.5,,1016.569444,797.5,,1150.444444,797.5,,1031.661111,797.5,,1025.988889,797.5,,1033.361111,797.5,,1016.1,797.5,,1361.630556
798.3,,1011.138889,798.3,,1008.513889,798.3,,1127.777778,798.3,,1014.105556,798.3,,1012.655556,798.3,,1008.75,798.3,,1021.433333,798.3,,1379.575
799.1,,1017.083333,799.1,,1004.958333,799.1,,1144.888889,799.1,,1004.605556,799.1,,1006.433333,799.1,,1008.083333,799.1,,1008.988889,799.1,,1391.130556
799.9,,1008.138889,799.9,,998.8472222,799.9,,1133.333333,799.9,,1010.161111,799.9,,998.4888889,799.9,,1020.916667,799.9,,1005.988889,799.9,,1387.575
800.7,,1001.972222,800.7,,994.5694444,800.7,,1136,800.7,,1020.827778,800.7,,992.3777778,800.7,,1033.194444,800.7,,997.6555556,800.7,,1366.186111
801.5,,999.8055556,801.5,,998.125,801.5,,1105.555556,801.5,,1023.883333,801.5,,1004.655556,801.5,,1033.527778,801.5,,998.4333333,801.5,,1384.352778
802.3,,1013.527778,802.3,,1000.902778,802.3,,1082.111111,802.3,,1012.994444,802.3,,1007.877778,802.3,,1022.583333,802.3,,1012.322222,802.3,,1416.463889
803.1,,1018.361111,803.1,,1004.513889,803.1,,1070.222222,803.1,,1001.772222,803.1,,1011.933333,803.1,,1025.083333,803.1,,1012.155556,803.1,,1457.352778
803.9,,1014.194444,803.9,,1006.291667,803.9,,1088.555556,803.9,,1007.827778,803.9,,1016.822222,803.9,,1016.972222,803.9,,1019.6,803.9,,1480.630556
804.7,,1001.083333,804.7,,1003.958333,804.7,,1130.888889,804.7,,1012.716667,804.7,,1018.377778,804.7,,1028.583333,804.7,,1013.1,804.7,,1503.963889
805.5,,1000.861111,805.5,,1019.625,805.5,,1140.388889,805.5,,1014.883333,805.5,,1031.822222,805.5,,1016.583333,805.5,,1013.766667,805.5,,1551.297222
806.3,,1002.305556,806.3,,1030.569444,806.3,,1143.055556,806.3,,1003.716667,806.3,,1030.322222,806.3,,1019.194444,806.3,,1010.433333,806.3,,1597.019444
807,,1002.472222,807,,1032.902778,807,,1144.444444,807,,997.7722222,807,,1027.211111,807,,1002.972222,807,,1005.6,807,,1641.797222
807.8,,997.6388889,807.8,,1015.013889,807.8,,1122.444444,807.8,,995.6055556,807.8,,1015.544444,807.8,,997.5277778,807.8,,1008.822222,807.8,,1644.463889
808.6,,999.1944444,808.6,,1003.791667,808.6,,1091.277778,808.6,,996.6611111,808.6,,1014.6,808.6,,1002.527778,808.6,,1002.044444,808.6,,1636.352778
809.4,,998.0833333,809.4,,1005.013889,809.4,,1043.555556,809.4,,1006.216667,809.4,,1016.322222,809.4,,1003.25,809.4,,1004.766667,809.4,,1611.186111
810.2,,1003.416667,810.2,,1004.680556,810.2,,1061.388889,810.2,,1006.383333,810.2,,1012.822222,810.2,,1004.638889,810.2,,1014.988889,810.2,,1611.463889
811,,1003.638889,811,,1008.013889,811,,1070.833333,811,,1011.438889,811,,1002.6,811,,1006.694444,811,,1020.1,811,,1610.186111
811.8,,1004.861111,811.8,,1004.125,811.8,,1071.888889,811.8,,996.4944444,811.8,,997.7666667,811.8,,1004.861111,811.8,,1013.155556,811.8,,1601.575
812.6,,1011.361111,812.6,,1009.625,812.6,,1058.222222,812.6,,1000.216667,812.6,,1001.988889,812.6,,1008.138889,812.6,,1009.988889,812.6,,1570.686111
813.4,,1008.416667,813.4,,1007.680556,813.4,,1054.222222,813.4,,1001.383333,813.4,,1006.044444,813.4,,1001.861111,813.4,,1003.155556,813.4,,1521.741667
814.2,,1021.916667,814.2,,1005.458333,814.2,,1043.444444,814.2,,1008.605556,814.2,,1009.377778,814.2,,1018.25,814.2,,1016.322222,814.2,,1490.575
815,,1012.027778,815,,1015.847222,815,,1038.444444,815,,1018.272222,815,,1002.544444,815,,1008.861111,815,,1011.655556,815,,1482.297222
815.8,,1010.805556,815.8,,1023.013889,815.8,,1040.888889,815.8,,1011.494444,815.8,,1014.322222,815.8,,1012.75,815.8,,1025.822222,815.8,,1474.575
816.6,,1001.083333,816.6,,1044.625,816.6,,1052.166667,816.6,,1017.772222,816.6,,1015.988889,816.6,,1013.972222,816.6,,1015.1,816.6,,1474.741667
817.4,,1003.416667,817.4,,1029.180556,817.4,,1042,817.4,,1005.105556,817.4,,1020.322222,817.4,,1028.527778,817.4,,1011.488889,817.4,,1449.741667
818.2,,996.5833333,818.2,,1016.625,818.2,,1041.666667,818.2,,1010.661111,818.2,,1007.377778,818.2,,1019.805556,818.2,,1000.377778,818.2,,1453.519444
819,,988.3055556,819,,992.1805556,819,,1033.111111,819,,1000.216667,819,,1015.822222,819,,1003.083333,819,,1001.155556,819,,1460.463889
819.8,,987.1388889,819.8,,993.7361111,819.8,,1033.555556,819.8,,1002.161111,819.8,,1029.211111,819.8,,1030.083333,819.8,,999.2111111,819.8,,1479.463889
820.6,,996.5277778,820.6,,995.625,820.6,,1042.111111,820.6,,1001.661111,820.6,,1029.211111,820.6,,1047.416667,820.6,,998.9333333,820.6,,1483.686111
821.4,,996.4722222,821.4,,1001.680556,821.4,,1051.111111,821.4,,1004.272222,821.4,,1019.1,821.4,,1056.916667,821.4,,993.9888889,821.4,,1460.241667
822.2,,1004.416667,822.2,,1000.236111,822.2,,1050.444444,822.2,,1003.161111,822.2,,1004.933333,822.2,,1064.75,822.2,,995.1,822.2,,1448.686111
823,,999.0277778,823,,1013.902778,823,,1029.888889,823,,1013.827778,823,,1001.988889,823,,1062.472222,823,,998.3222222,823,,1457.075
823.8,,1007.972222,823.8,,1014.958333,823.8,,1014.944444,823.8,,1017.938889,823.8,,1003.544444,823.8,,1055.527778,823.8,,1001.933333,823.8,,1454.408333
824.6,,1000.972222,824.6,,1023.458333,824.6,,1072.388889,824.6,,1024.105556,824.6,,1016.711111,824.6,,1018.472222,824.6,,1000.655556,824.6,,1433.352778
825.4,,1008.805556,825.4,,1010.958333,825.4,,1113.333333,825.4,,1024.55,825.4,,1020.6,825.4,,1010.694444,825.4,,1003.044444,825.4,,1403.075
826.2,,1002.75,826.2,,1006.625,826.2,,1126.611111,826.2,,1030.272222,826.2,,1014.877778,826.2,,1023.805556,826.2,,1003.211111,826.2,,1396.852778
826.9,,1003.027778,826.9,,1013.069444,826.9,,1078.666667,826.9,,1020.55,826.9,,1006.488889,826.9,,1019.194444,826.9,,1003.933333,826.9,,1392.241667
827.7,,1010.305556,827.7,,1012.236111,827.7,,1036.722222,827.7,,1006.772222,827.7,,1005.933333,827.7,,1018.027778,827.7,,1001.988889,827.7,,1370.686111
828.5,,1020.805556,828.5,,1011.458333,828.5,,1035.888889,828.5,,1000.272222,828.5,,1006.377778,828.5,,1000.805556,828.5,,1003.433333,828.5,,1355.130556
829.3,,1026.416667,829.3,,995.5138889,829.3,,1027.388889,829.3,,1001.494444,829.3,,1015.933333,829.3,,1004.083333,829.3,,1003.322222,829.3,,1341.908333
830.1,,1019.194444,830.1,,992.1805556,830.1,,1028.611111,830.1,,1016.438889,830.1,,1013.822222,830.1,,1003.916667,830.1,,1010.266667,830.1,,1339.075
830.9,,1012.972222,830.9,,998.2361111,830.9,,1016.777778,830.9,,1016.216667,830.9,,1014.711111,830.9,,1019.972222,830.9,,1023.488889,830.9,,1339.241667
831.7,,1006.083333,831.7,,1004.125,831.7,,1041.777778,831.7,,1017.55,831.7,,1001.211111,831.7,,1022.861111,831.7,,1021.266667,831.7,,1345.352778
832.6,,1002.25,832.6,,1009.847222,832.6,,1066,832.6,,1014.105556,832.6,,1001.822222,832.6,,1035.527778,832.6,,1017.655556,832.6,,1349.575
833.4,,1001.416667,833.4,,1008.236111,833.4,,1074.444444,833.4,,1014.605556,833.4,,1003.155556,833.4,,1026.638889,833.4,,1004.822222,833.4,,1348.908333
834.3,,1004.083333,834.3,,1000.125,834.3,,1061.388889,834.3,,1028.327778,834.3,,1004.211111,834.3,,1036.305556,834.3,,1009.377778,834.3,,1345.019444
835.2,,1006.361111,835.2,,1004.069444,835.2,,1039.222222,835.2,,1031.883333,835.2,,1006.822222,835.2,,1032.75,835.2,,1004.044444,835.2,,1356.519444
836,,1005.861111,836,,1001.625,836,,1031.666667,836,,1046.605556,836,,1012.322222,836,,1041.805556,836,,1001.877778,836,,1371.408333
836.9,,996.9722222,836.9,,1001.347222,836.9,,1015.5,836.9,,1029.494444,836.9,,1010.377778,836.9,,1040.75,836.9,,1001.322222,836.9,,1374.686111
837.8,,1011.305556,837.8,,997.2361111,837.8,,1010.444444,837.8,,1015.105556,837.8,,1008.322222,837.8,,1038.805556,837.8,,996.3777778,837.8,,1366.686111
838.6,,1021.361111,838.6,,997.0138889,838.6,,1012.444444,838.6,,995.3277778,838.6,,1005.655556,838.6,,1064.083333,838.6,,994.2666667,838.6,,1348.630556
839.5,,1023.805556,839.5,,997.2361111,839.5,,1026.388889,839.5,,1015.327778,839.5,,1007.377778,839.5,,1062.027778,839.5,,993.1555556,839.5,,1334.130556
840.4,,1007.194444,840.4,,997.2916667,840.4,,1027.666667,840.4,,1015.55,840.4,,1008.655556,840.4,,1069.527778,840.4,,999.4888889,840.4,,1319.963889
841.2,,999.6388889,841.2,,1001.902778,841.2,,1038.388889,841.2,,1018.883333,841.2,,1005.877778,841.2,,1037.527778,841.2,,1007.211111,841.2,,1312.186111
842.1,,1006.583333,842.1,,1018.180556,842.1,,1029.111111,842.1,,1012.605556,842.1,,1003.211111,842.1,,1037.305556,842.1,,1015.211111,842.1,,1312.963889
843,,1018.138889,843,,1015.458333,843,,1042.611111,843,,1013.938889,843,,1005.711111,843,,1026.25,843,,1013.044444,843,,1307.186111
843.8,,1012.861111,843.8,,1027.736111,843.8,,1044,843.8,,1011.605556,843.8,,1001.655556,843.8,,1024.805556,843.8,,1024.155556,843.8,,1303.130556
844.7,,1010.805556,844.7,,1018.958333,844.7,,1039.833333,844.7,,1014.161111,844.7,,1005.322222,844.7,,1019.138889,844.7,,1025.044444,844.7,,1296.908333
845.5,,1001.527778,845.5,,1019.125,845.5,,1035.666667,845.5,,1019.383333,845.5,,1003.155556,845.5,,1029.75,845.5,,1025.544444,845.5,,1304.130556
846.4,,1005.694444,846.4,,1003.180556,846.4,,1023.611111,846.4,,1017.105556,846.4,,1009.322222,846.4,,1040.138889,846.4,,1002.822222,846.4,,1305.297222
847.3,,1000.027778,847.3,,997.0694444,847.3,,1045.555556,847.3,,1009.216667,847.3,,1008.322222,847.3,,1036.361111,847.3,,997.6555556,847.3,,1299.797222
848.1,,999.0833333,848.1,,996.0138889,848.1,,1034.388889,848.1,,997.2166667,848.1,,1001.822222,848.1,,1021.027778,848.1,,999.8222222,848.1,,1284.463889
849,,993.9722222,849,,994.5694444,849,,1028.777778,849,,1003.605556,849,,1003.488889,849,,1017.194444,849,,1020.488889,849,,1282.686111
849.9,,999.6388889,849.9,,993.2916667,849.9,,1011.777778,849.9,,994.8277778,849.9,,997.8222222,849.9,,1026.416667,849.9,,1017.377778,849.9,,1296.408333
850.7,,1002.194444,850.7,,993.6805556,850.7,,1015.388889,850.7,,1003.383333,850.7,,1002.155556,850.7,,1045.138889,850.7,,1016.822222,850.7,,1316.241667
851.6,,997.0277778,851.6,,998.5694444,851.6,,1041.5,851.6,,1013.994444,851.6,,996.0444444,851.6,,1045.138889,851.6,,997.3222222,851.6,,1300.408333
852.5,,992.8611111,852.5,,1003.791667,852.5,,1053.777778,852.5,,1030.772222,852.5,,1002.044444,852.5,,1067.027778,852.5,,999.8222222,852.5,,1293.741667
853.3,,986.8055556,853.3,,1002.958333,853.3,,1065.277778,853.3,,1029.216667,853.3,,1002.266667,853.3,,1053.027778,853.3,,998.9333333,853.3,,1271.352778
854.2,,998.5833333,854.2,,995.4027778,854.2,,1050.222222,854.2,,1016.161111,854.2,,997.9888889,854.2,,1060.027778,854.2,,999.2666667,854.2,,1283.686111
855,,1002.416667,855,,992.0138889,855,,1048.777778,855,,1002.438889,855,,998.1555556,855,,1039.25,855,,996.8222222,855,,1279.463889
855.9,,1000.305556,855.9,,994.4027778,855.9,,1047.444444,855.9,,1013.216667,855.9,,1005.822222,855.9,,1052.138889,855.9,,997.3222222,855.9,,1292.686111
856.8,,1011.583333,856.8,,1002.291667,856.8,,1061.944444,856.8,,1012.494444,856.8,,1011.322222,856.8,,1049.694444,856.8,,1004.6,856.8,,1297.186111
857.6,,1013.25,857.6,,1001.513889,857.6,,1049.111111,857.6,,1023.216667,857.6,,1012.377778,857.6,,1039.361111,857.6,,1002.766667,857.6,,1303.908333
858.5,,1014.305556,858.5,,999.8472222,858.5,,1034.777778,858.5,,1012.105556,858.5,,1008.488889,858.5,,1049.472222,858.5,,999.0444444,858.5,,1296.797222
859.4,,1008.694444,859.4,,996.8472222,859.4,,1024.388889,859.4,,1018.327778,859.4,,1012.433333,859.4,,1045.638889,859.4,,1005.044444,859.4,,1284.241667
860.2,,1005.638889,860.2,,1014.125,860.2,,1050.055556,860.2,,1034.105556,860.2,,1012.988889,860.2,,1069.694444,860.2,,1006.322222,860.2,,1283.408333
861.1,,1011.694444,861.1,,1017.736111,861.1,,1051.777778,861.1,,1032.938889,861.1,,1009.488889,861.1,,1057.583333,861.1,,1012.488889,861.1,,1273.241667
862,,1000.805556,862,,1011.513889,862,,1041.388889,862,,1024.994444,862,,1006.711111,862,,1042.805556,862,,1005.488889,862,,1246.519444
862.8,,996.0277778,862.8,,999.4583333,862.8,,1014.444444,862.8,,1010.938889,862.8,,1003.1,862.8,,1020.25,862.8,,1020.322222,862.8,,1229.797222
863.7,,998.9722222,863.7,,1009.791667,863.7,,1030.055556,863.7,,1011.938889,863.7,,1004.877778,863.7,,1016.805556,863.7,,1017.822222,863.7,,1219.686111
864.6,,999.9166667,864.6,,1013.125,864.6,,1027.888889,864.6,,1018.272222,864.6,,1006.266667,864.6,,1033.638889,864.6,,1017.822222,864.6,,1236.963889
865.4,,1006.916667,865.4,,1004.569444,865.4,,1037.444444,865.4,,1002.716667,865.4,,1020.988889,865.4,,1031.861111,865.4,,994.9888889,865.4,,1222.575
866.3,,1005.027778,866.3,,1014.402778,866.3,,1037.333333,866.3,,1009.05,866.3,,1020.322222,866.3,,1038.027778,866.3,,1008.211111,866.3,,1219.463889
867.1,,1006.861111,867.1,,1016.125,867.1,,1041.611111,867.1,,1015.716667,867.1,,1019.877778,867.1,,1023.138889,867.1,,1009.766667,867.1,,1201.908333
868,,1002.75,868,,1034.569444,868,,1029.611111,868,,1023.161111,868,,1005.6,868,,1023.972222,868,,1018.822222,868,,1174.686111
868.9,,1007.916667,868.9,,1017.569444,868.9,,1011.944444,868.9,,1015.383333,868.9,,1007.322222,868.9,,1016.305556,868.9,,1021.266667,868.9,,1160.741667
869.7,,1001.694444,869.7,,1033.902778,869.7,,1008.777778,869.7,,1001.438889,869.7,,1002.988889,869.7,,1019.138889,869.7,,1012.544444,869.7,,1123.630556
870.6,,1001.361111,870.6,,1022.069444,870.6,,1022.666667,870.6,,1000.605556,870.6,,1001.211111,870.6,,1015.138889,870.6,,1013.377778,870.6,,1123.852778
871.5,,994.25,871.5,,1011.513889,871.5,,1034.888889,871.5,,1001.383333,871.5,,993.1,871.5,,1016.638889,871.5,,996.2666667,871.5,,1117.741667
872.3,,997.5833333,872.3,,1001.791667,872.3,,1054.722222,872.3,,1004.216667,872.3,,995.8777778,872.3,,1009.083333,872.3,,997.7111111,872.3,,1110.797222
873.2,,996.6388889,873.2,,999.5694444,873.2,,1054.277778,873.2,,1000.605556,873.2,,1000.322222,873.2,,1008.583333,873.2,,998.4333333,873.2,,1107.741667
874.1,,1000.25,874.1,,1033.347222,874.1,,1045.444444,874.1,,1002.605556,874.1,,1009.266667,874.1,,995.9722222,874.1,,1016.377778,874.1,,1064.630556
874.9,,1002.305556,874.9,,1024.291667,874.9,,1037.166667,874.9,,998.7722222,874.9,,1009.488889,874.9,,1011.083333,874.9,,1021.155556,874.9,,1065.686111
875.8,,1027.416667,875.8,,1028.791667,875.8,,1035.722222,875.8,,999.05,875.8,,1002.766667,875.8,,1009.916667,875.8,,1014.711111,875.8,,1047.519444
876.6,,1019.472222,876.6,,1014.291667,876.6,,1029.833333,876.6,,1009.383333,876.6,,991.2111111,876.6,,1015.027778,876.6,,998.6,876.6,,1051.075
877.5,,1018.138889,877.5,,1023.458333,877.5,,1019.444444,877.5,,1012.661111,877.5,,987.2666667,877.5,,1003.138889,877.5,,1001.877778,877.5,,1061.908333
878.4,,996.0833333,878.4,,1024.513889,878.4,,1011.5,878.4,,1014.938889,878.4,,996.1,878.4,,1004.472222,878.4,,1004.044444,878.4,,1055.908333
879.2,,1002.805556,879.2,,1016.847222,879.2,,1016.722222,879.2,,1003.438889,879.2,,1017.877778,879.2,,1002.972222,879.2,,1002.766667,879.2,,1056.297222
880.1,,999.0833333,880.1,,1011.958333,880.1,,1014.555556,880.1,,1004.494444,880.1,,1045.988889,880.1,,1004.527778,880.1,,1012.544444,880.1,,1033.352778
881,,995.8611111,881,,1005.013889,881,,1019.944444,881,,1007.827778,881,,1037.877778,881,,1007.527778,881,,1024.6,881,,1045.019444
881.8,,992.75,881.8,,1013.347222,881.8,,1026.444444,881.8,,1005.438889,881.8,,1020.544444,881.8,,1005.75,881.8,,1023.322222,881.8,,1038.186111
882.7,,995.4166667,882.7,,1013.569444,882.7,,1033.5,882.7,,1009.494444,882.7,,999.4333333,882.7,,1018.083333,882.7,,1012.766667,882.7,,1035.630556
883.6,,996.4166667,883.6,,1017.347222,883.6,,1025,883.6,,1005.605556,883.6,,1002.822222,883.6,,1024.25,883.6,,999.7666667,883.6,,1027.241667
884.4,,999.3055556,884.4,,1016.069444,884.4,,1028.388889,884.4,,1002.883333,884.4,,1009.766667,884.4,,1025.638889,884.4,,1008.488889,884.4,,1034.241667
885.3,,997.9166667,885.3,,1009.069444,885.3,,1019.111111,885.3,,994.7166667,885.3,,1003.711111,885.3,,1010.805556,885.3,,1016.766667,885.3,,1046.019444
886.2,,999.0277778,886.2,,1012.402778,886.2,,1019.777778,886.2,,1003.494444,886.2,,1006.711111,886.2,,1002.027778,886.2,,1019.488889,886.2,,1033.519444
887,,1005.361111,887,,1000.847222,887,,1010.555556,887,,1008.05,887,,1004.211111,887,,1000.027778,887,,1011.877778,887,,1023.797222
887.9,,1003.416667,887.9,,1009.402778,887.9,,1009.777778,887.9,,1013.772222,887.9,,1007.155556,887.9,,1002.138889,887.9,,1010.1,887.9,,1031.908333
888.7,,1002.861111,888.7,,1007.402778,888.7,,1001.277778,888.7,,1015.994444,888.7,,1004.711111,888.7,,1014.583333,888.7,,1012.211111,888.7,,1028.797222
889.6,,995.8611111,889.6,,1004.236111,889.6,,992.6111111,889.6,,1012.883333,889.6,,999.4888889,889.6,,1012.916667,889.6,,1015.822222,889.6,,1029.463889
890.5,,1000.75,890.5,,1002.791667,890.5,,999.2777778,890.5,,1013.383333,890.5,,1005.933333,890.5,,1042.194444,890.5,,1008.6,890.5,,1025.797222
891.3,,998.8611111,891.3,,1000.347222,891.3,,1023,891.3,,1002.994444,891.3,,1004.488889,891.3,,1026.194444,891.3,,1019.655556,891.3,,1025.075
892.2,,995.6944444,892.2,,995.5694444,892.2,,1029.777778,892.2,,1003.994444,892.2,,1008.266667,892.2,,1029.805556,892.2,,1012.155556,892.2,,1022.075
893.1,,991.3611111,893.1,,994.9027778,893.1,,1020,893.1,,1001.994444,893.1,,1009.377778,893.1,,1000.916667,893.1,,1010.211111,893.1,,1007.463889
893.9,,993.1388889,893.9,,996.1805556,893.9,,1002.277778,893.9,,995.6611111,893.9,,1019.544444,893.9,,1004.25,893.9,,997.8777778,893.9,,1010.075
894.8,,994.25,894.8,,997.6805556,894.8,,1002.444444,894.8,,998.8277778,894.8,,1019.877778,894.8,,1008.75,894.8,,1000.155556,894.8,,1011.241667
895.7,,997.75,895.7,,1001.291667,895.7,,1005.888889,895.7,,995.1611111,895.7,,1011.544444,895.7,,1012.361111,895.7,,997.5444444,895.7,,1010.963889
896.5,,1002.194444,896.5,,1004.958333,896.5,,1013.5,896.5,,995.8277778,896.5,,1006.266667,896.5,,1012.027778,896.5,,991.4333333,896.5,,1022.963889
897.4,,1000.805556,897.4,,1010.180556,897.4,,1021.166667,897.4,,993.6611111,897.4,,1005.988889,897.4,,1004.916667,897.4,,995.2111111,897.4,,1022.297222
898.2,,996.8055556,898.2,,1003.625,898.2,,1020.888889,898.2,,994.6611111,898.2,,1002.711111,898.2,,1014.583333,898.2,,999.6555556,898.2,,1019.075
899.1,,995.4166667,899.1,,1001.958333,899.1,,1026,899.1,,999.7166667,899.1,,1002.1,899.1,,1011.972222,899.1,,1004.988889,899.1,,1008.019444
900,,996.75,900,,1014.736111,900,,1019.222222,900,,1014.938889,900,,998.6,900,,1014.472222,900,,1001.933333,900,,1007.575